Date,Close-tbill,Close-sp500,Close-msft,Close-ge,Close-ford
1993/11/1,3.06,469.1,2.52,6.72,8.16
1993/11/2,3.12,468.44,2.5,6.69,8.31
1993/11/3,3.08,463.02,2.45,6.64,8.24
1993/11/4,3.07,457.49,2.38,6.46,7.98
1993/11/5,3.07,459.57,2.45,6.49,7.94
1993/11/8,3.06,460.21,2.45,6.46,8.02
1993/11/9,3.11,460.33,2.44,6.51,7.94
1993/11/10,3.11,463.72,2.53,6.52,8.05
1993/11/12,3.11,465.39,2.55,6.47,8.07
1993/11/15,3.11,463.75,2.51,6.5,8.1
1993/11/16,3.09,466.74,2.56,6.65,8.1
1993/11/17,3.09,464.81,2.52,6.66,8.07
1993/11/18,3.1,463.62,2.5,6.72,8.15
1993/11/19,3.11,462.6,2.5,6.77,8.05
1993/11/22,3.12,459.13,2.4,6.77,7.77
1993/11/23,3.11,461.03,2.41,6.79,7.77
1993/11/24,3.11,462.36,2.45,6.74,7.95
1993/11/26,3.1,463.06,2.46,6.79,7.98
1993/11/29,3.11,461.9,2.48,6.75,8.05
1993/11/30,3.14,461.79,2.49,6.78,7.92
1993/12/1,3.11,461.89,2.54,6.8,8.16
1993/12/2,3.11,463.11,2.58,6.89,8.11
1993/12/3,3.11,464.89,2.67,6.9,8.23
1993/12/6,3.09,466.43,2.64,6.92,8.2
1993/12/7,3.08,466.76,2.66,6.88,8.26
1993/12/8,3.08,466.29,2.6,6.92,8.24
1993/12/9,3.05,464.18,2.53,6.96,8.28
1993/12/10,3.05,463.93,2.55,7,8.39
1993/12/13,3.04,465.7,2.53,6.96,8.44
1993/12/14,3.04,463.06,2.49,7.06,8.28
1993/12/15,3.03,461.84,2.48,7.12,8.2
1993/12/16,3.02,463.34,2.49,7.13,8.15
1993/12/17,3.03,466.38,2.51,7.25,8.16
1993/12/20,3.05,465.85,2.55,7.19,8.18
1993/12/21,3.07,465.3,2.57,7.26,8.44
1993/12/22,3.05,467.32,2.53,7.26,8.55
1993/12/23,3.05,467.38,2.52,7.31,8.46
1993/12/27,3.06,470.54,2.51,7.41,8.41
1993/12/28,3.06,470.94,2.58,7.39,8.44
1993/12/29,3,470.58,2.54,7.39,8.44
1993/12/30,2.98,468.64,2.53,7.35,8.44
1993/12/31,3,466.45,2.51,7.28,8.41
1994/1/3,3.03,465.44,2.5,7.22,8.26
1994/1/4,3.08,466.89,2.51,7.19,8.33
1994/1/5,3.07,467.55,2.56,7.15,8.31
1994/1/6,3.05,467.12,2.64,7.21,8.29
1994/1/7,3.01,469.9,2.66,7.24,8.42
1994/1/10,2.99,475.27,2.67,7.28,8.77
1994/1/11,2.97,474.13,2.66,7.33,8.9
1994/1/12,2.95,474.17,2.66,7.36,8.8
1994/1/13,2.95,472.47,2.66,7.3,8.85
1994/1/14,2.97,474.91,2.67,7.41,8.9
1994/1/18,2.96,474.25,2.64,7.52,8.94
1994/1/19,2.97,474.3,2.59,7.55,8.8
1994/1/20,2.94,474.98,2.69,7.53,8.75
1994/1/21,2.95,474.72,2.69,7.49,8.8
1994/1/24,2.94,471.97,2.66,7.48,8.6
1994/1/25,2.93,470.92,2.65,7.43,8.54
1994/1/26,2.92,473.2,2.62,7.39,8.51
1994/1/27,2.92,477.05,2.62,7.51,8.75
1994/1/28,2.94,478.7,2.64,7.49,8.56
1994/1/31,2.97,481.61,2.65,7.48,8.79
1994/2/1,3.03,479.62,2.65,7.42,8.75
1994/2/2,3.06,482,2.62,7.57,8.88
1994/2/3,3.14,480.71,2.63,7.62,9.1
1994/2/4,3.23,469.81,2.53,7.39,8.92
1994/2/7,3.22,471.76,2.52,7.51,9.03
1994/2/8,3.25,471.05,2.45,7.44,9.11
1994/2/9,3.25,472.77,2.48,7.51,8.98
1994/2/10,3.26,468.93,2.47,7.39,8.65
1994/2/11,3.25,470.18,2.45,7.44,8.59
1994/2/14,3.25,470.23,2.46,7.5,8.62
1994/2/15,3.27,472.52,2.48,7.56,8.69
1994/2/16,3.27,472.79,2.45,7.55,8.52
1994/2/17,3.27,470.34,2.45,7.57,8.47
1994/2/18,3.28,467.69,2.49,7.49,8.46
1994/2/22,3.29,471.46,2.48,7.49,8.46
1994/2/23,3.37,470.69,2.52,7.45,8.42
1994/2/24,3.36,464.26,2.49,7.31,8.2
1994/2/25,3.37,466.07,2.52,7.29,8.06
1994/2/28,3.36,467.14,2.57,7.31,8.15
1994/3/1,3.49,464.44,2.59,7.33,8.16
1994/3/2,3.47,464.81,2.58,7.39,8.38
1994/3/3,3.48,463.01,2.52,7.34,8.34
1994/3/4,3.53,464.74,2.52,7.33,8.54
1994/3/7,3.52,466.91,2.53,7.39,8.44
1994/3/8,3.54,465.88,2.52,7.34,8.36
1994/3/9,3.53,467.06,2.52,7.36,8.57
1994/3/10,3.49,463.9,2.52,7.3,8.52
1994/3/11,3.49,466.44,2.55,7.35,8.59
1994/3/14,3.52,467.39,2.61,7.35,8.44
1994/3/15,3.57,467.01,2.64,7.33,8.28
1994/3/16,3.53,469.42,2.64,7.25,8.34
1994/3/17,3.47,470.9,2.63,7.2,8.18
1994/3/18,3.47,471.06,2.64,7.3,8.06
1994/3/21,3.51,468.54,2.59,7.27,8.02
1994/3/22,3.54,468.8,2.64,7.21,8.08
1994/3/23,3.45,468.54,2.69,7.26,8.31
1994/3/24,3.45,464.35,2.72,7.24,8.05
1994/3/25,3.48,460.58,2.73,7.14,7.9
1994/3/28,3.5,460,2.69,7.23,7.88
1994/3/29,3.51,452.48,2.57,7.14,7.77
1994/3/30,3.49,445.55,2.6,6.9,7.64
1994/3/31,3.47,445.77,2.64,6.99,7.7
1994/4/4,3.65,438.92,2.63,6.85,7.7
1994/4/5,3.66,448.29,2.73,6.91,7.98
1994/4/6,3.6,448.05,2.77,6.82,7.98
1994/4/7,3.53,450.88,2.8,6.86,7.95
1994/4/8,3.55,447.1,2.71,6.8,7.65
1994/4/11,3.54,449.87,2.71,6.87,7.61
1994/4/12,3.56,447.57,2.64,6.93,7.54
1994/4/13,3.56,446.26,2.64,6.91,7.49
1994/4/14,3.58,446.38,2.62,6.81,7.67
1994/4/15,3.59,446.18,2.64,6.76,7.64
1994/4/18,3.69,442.46,2.59,6.63,7.59
1994/4/19,3.74,442.54,2.74,6.67,7.39
1994/4/20,3.74,441.96,2.79,6.67,7.13
1994/4/21,3.74,448.73,2.85,6.73,7.29
1994/4/22,3.74,447.63,2.86,6.71,7.29
1994/4/25,3.76,452.71,2.92,6.76,7.59
1994/4/26,3.88,451.87,2.96,6.71,7.65
1994/4/28,3.88,449.1,2.87,6.75,7.6
1994/4/29,3.86,450.91,2.88,6.66,7.71
1994/5/2,3.91,453.02,2.97,6.7,8.05
1994/5/3,4.04,453.03,2.91,6.73,8.06
1994/5/4,4.04,451.72,2.96,6.84,7.93
1994/5/5,4.02,451.38,2.94,6.83,7.8
1994/5/6,4.16,447.82,2.88,6.75,7.66
1994/5/9,4.24,442.32,2.87,6.63,7.65
1994/5/10,4.24,446.01,2.93,6.64,7.83
1994/5/11,4.22,441.49,2.91,6.52,7.65
1994/5/12,4.12,443.75,2.94,6.55,7.63
1994/5/13,4.11,444.14,3.01,6.66,7.66
1994/5/16,4.15,444.49,2.96,6.62,7.63
1994/5/17,4.19,449.37,2.95,6.66,7.85
1994/5/18,4.19,453.69,3.02,6.69,7.78
1994/5/19,4.13,456.48,3.06,6.74,7.81
1994/5/20,4.14,454.92,3.04,6.66,7.9
1994/5/23,4.16,453.2,3.15,6.57,7.83
1994/5/24,4.21,454.81,3.19,6.64,7.73
1994/5/25,4.18,456.34,3.27,6.64,7.73
1994/5/26,4.15,457.06,3.24,6.78,7.63
1994/5/27,4.17,457.33,3.26,6.85,7.66
1994/5/31,4.17,456.5,3.35,6.95,7.63
1994/6/1,4.18,457.63,3.3,7.01,7.73
1994/6/2,4.13,457.65,3.26,6.99,7.57
1994/6/3,4.11,460.13,3.29,6.9,7.52
1994/6/6,4.09,458.88,3.4,6.81,7.38
1994/6/7,4.13,458.21,3.34,6.81,7.4
1994/6/8,4.11,457.06,3.24,6.73,7.35
1994/6/9,4.11,457.86,3.26,6.76,7.43
1994/6/10,4.11,458.67,3.27,6.67,7.55
1994/6/13,4.11,459.1,3.29,6.74,7.78
1994/6/14,4.1,462.37,3.34,6.71,8.08
1994/6/15,4.12,460.61,3.38,6.64,8.01
1994/6/16,4.11,461.93,3.34,6.71,8.01
1994/6/17,4.11,458.45,3.3,6.67,7.91
1994/6/20,4.11,455.48,3.33,6.62,7.8
1994/6/21,4.18,451.34,3.28,6.45,7.7
1994/6/22,4.18,453.09,3.21,6.39,7.7
1994/6/23,4.15,449.63,3.12,6.46,7.58
1994/6/24,4.16,442.8,3.08,6.46,7.63
1994/6/27,4.14,447.31,3.23,6.62,7.9
1994/6/28,4.18,446.07,3.2,6.65,7.81
1994/6/29,4.13,447.63,3.2,6.71,7.85
1994/6/30,4.14,444.27,3.22,6.57,7.8
1994/7/1,4.19,446.2,3.13,6.53,7.8
1994/7/5,4.2,446.37,3.06,6.62,7.65
1994/7/6,4.29,446.13,3.01,6.65,7.63
1994/7/7,4.24,448.38,3.14,6.67,7.89
1994/7/8,4.37,449.55,3.08,6.67,8.09
1994/7/11,4.42,448.06,3.01,6.65,8.03
1994/7/12,4.45,447.95,2.99,6.6,8.26
1994/7/13,4.41,448.73,3.08,6.6,8.52
1994/7/14,4.3,453.41,3.04,6.71,8.36
1994/7/15,4.26,454.16,3.03,6.74,8.36
1994/7/18,4.23,455.22,3.15,6.74,8.42
1994/7/19,4.25,453.86,3.12,6.88,8.29
1994/7/20,4.31,451.6,3.01,6.86,8.42
1994/7/21,4.33,452.61,2.97,6.83,8.19
1994/7/22,4.37,453.11,3.15,6.99,8.23
1994/7/25,4.38,454.25,3.19,7.02,8.29
1994/7/26,4.41,453.36,3.14,6.92,8.36
1994/7/27,4.45,452.57,3.08,6.86,8.08
1994/7/28,4.41,454.24,3.08,6.97,8.25
1994/7/29,4.27,458.26,3.21,7.09,8.48
1994/8/1,4.28,461.01,3.33,7.08,8.48
1994/8/2,4.32,460.56,3.29,7.04,8.39
1994/8/3,4.34,461.45,3.33,6.99,8.39
1994/8/4,4.32,458.4,3.29,6.83,7.85
1994/8/5,4.46,457.09,3.27,6.9,7.92
1994/8/8,4.45,457.89,3.3,6.97,8.02
1994/8/9,4.45,457.92,3.33,6.88,8.02
1994/8/10,4.35,460.3,3.37,6.79,8.05
1994/8/11,4.34,458.88,3.44,6.71,7.92
1994/8/12,4.36,461.94,3.44,6.78,7.88
1994/8/15,4.45,461.23,3.39,6.86,7.88
1994/8/16,4.62,465.01,3.42,6.83,8.12
1994/8/17,4.56,465.17,3.48,6.74,8.15
1994/8/18,4.58,463.17,3.46,6.64,7.85
1994/8/19,4.55,463.68,3.42,6.74,7.92
1994/8/22,4.54,462.32,3.4,6.72,7.85
1994/8/23,4.57,464.51,3.46,6.86,7.88
1994/8/24,4.53,469.03,3.47,6.94,8.15
1994/8/25,4.55,468.08,3.5,6.99,7.95
1994/8/26,4.54,473.8,3.54,7.15,8.12
1994/8/29,4.56,474.59,3.55,7.08,8.12
1994/8/30,4.59,476.07,3.64,7.04,8.15
1994/8/31,4.56,475.49,3.62,7.01,7.79
1994/9/1,4.54,473.17,3.5,7.08,7.99
1994/9/2,4.56,470.99,3.49,7.04,7.88
1994/9/6,4.55,471.86,3.49,6.95,7.99
1994/9/7,4.54,470.99,3.54,6.9,7.88
1994/9/8,4.54,473.14,3.61,6.92,7.85
1994/9/9,4.57,468.18,3.54,6.92,7.79
1994/9/12,4.58,466.21,3.5,6.92,7.72
1994/9/13,4.6,467.51,3.59,6.97,7.65
1994/9/14,4.58,468.8,3.59,7.08,7.75
1994/9/15,4.58,474.81,3.63,7.23,7.69
1994/9/16,4.62,471.19,3.54,7.18,7.62
1994/9/19,4.58,470.85,3.54,7.11,7.45
1994/9/20,4.61,463.36,3.49,6.97,7.39
1994/9/21,4.81,461.46,3.57,6.97,7.32
1994/9/22,4.78,461.27,3.55,6.92,7.19
1994/9/23,4.78,459.67,3.49,6.86,7.09
1994/9/26,4.77,460.82,3.46,6.99,7.09
1994/9/27,4.73,462.05,3.52,6.92,7.42
1994/9/28,4.52,464.84,3.55,6.92,7.45
1994/9/29,4.56,462.24,3.52,6.92,7.32
1994/9/30,4.67,462.71,3.5,6.83,7.39
1994/10/3,4.72,461.74,3.48,6.76,7.32
1994/10/4,4.94,454.59,3.43,6.67,7.22
1994/10/5,4.96,453.52,3.46,6.72,7.35
1994/10/6,4.95,452.36,3.4,6.67,7.25
1994/10/7,4.87,455.1,3.39,6.63,7.25
1994/10/11,4.86,465.79,3.48,6.86,7.82
1994/10/12,4.98,465.47,3.5,7.11,7.72
1994/10/13,4.9,467.79,3.57,7.09,7.69
1994/10/14,4.85,469.1,3.49,7.15,7.82
1994/10/17,4.85,468.96,3.43,7.15,7.75
1994/10/18,4.89,467.66,3.53,7.08,7.72
1994/10/19,4.91,470.28,3.59,7.13,7.82
1994/10/20,5,466.85,3.71,6.95,7.65
1994/10/21,5,464.89,3.7,6.72,7.69
1994/10/24,5.02,460.83,3.67,6.79,7.62
1994/10/25,5.05,461.53,3.72,6.77,7.79
1994/10/26,5,462.62,3.8,6.79,7.86
1994/10/27,4.97,465.85,3.84,6.83,7.79
1994/10/28,5.01,473.77,3.87,7.01,7.96
1994/10/31,5.02,472.35,3.92,6.93,7.92
1994/11/1,5.08,468.42,3.91,6.88,7.79
1994/11/2,5.08,466.51,3.92,6.84,7.82
1994/11/3,5.09,467.91,3.9,6.88,7.96
1994/11/4,5.17,462.28,3.83,6.81,7.75
1994/11/7,5.22,463.07,3.86,6.84,7.82
1994/11/8,5.23,465.65,3.96,6.97,7.72
1994/11/9,5.18,465.4,3.97,6.92,7.62
1994/11/10,5.22,464.37,3.97,6.92,7.69
1994/11/11,5.23,462.35,3.88,6.92,7.65
1994/11/14,5.29,466.04,4.02,6.92,7.79
1994/11/15,5.36,465.03,4.02,6.92,7.72
1994/11/16,5.37,465.62,4.03,6.99,7.72
1994/11/17,5.35,463.57,4,6.92,7.62
1994/11/18,5.34,461.47,3.99,6.92,7.49
1994/11/21,5.34,458.3,3.96,6.72,7.49
1994/11/22,5.34,450.09,3.86,6.6,7.22
1994/11/23,5.29,449.93,3.83,6.56,7.32
1994/11/25,5.28,452.29,3.88,6.56,7.39
1994/11/28,5.37,454.16,3.95,6.7,7.22
1994/11/29,5.52,455.17,3.99,6.61,7.25
1994/11/30,5.55,453.69,3.92,6.53,7.28
1994/12/1,5.55,448.92,3.9,6.47,7.25
1994/12/2,5.62,453.3,3.94,6.69,7.32
1994/12/5,5.79,453.32,3.94,6.65,7.42
1994/12/6,5.78,453.11,3.95,6.6,7.35
1994/12/7,5.7,451.23,3.92,6.72,7.22
1994/12/8,5.67,445.45,3.89,6.54,7.08
1994/12/9,5.65,446.96,3.93,6.65,6.98
1994/12/12,5.72,449.47,3.93,6.72,6.92
1994/12/13,5.78,450.15,3.91,6.79,7.02
1994/12/14,5.66,454.97,3.94,6.92,7.05
1994/12/15,5.53,455.34,3.96,6.95,7.02
1994/12/16,5.54,458.8,3.95,7.13,7.08
1994/12/19,5.55,457.91,3.9,7.09,7.05
1994/12/20,5.47,457.1,3.73,7.06,7.05
1994/12/21,5.41,459.61,3.83,7.08,7.15
1994/12/22,5.45,459.68,3.78,7.16,7.18
1994/12/23,5.52,459.83,3.79,7.12,7.25
1994/12/27,5.52,462.47,3.78,7.33,7.45
1994/12/28,5.51,460.86,3.8,7.31,7.32
1994/12/29,5.5,461.17,3.85,7.38,7.49
1994/12/30,5.53,459.27,3.81,7.29,7.49
1995/1/3,5.52,459.11,3.75,7.29,7.49
1995/1/4,5.69,460.71,3.78,7.29,7.69
1995/1/5,5.71,460.34,3.71,7.31,7.62
1995/1/6,5.74,460.68,3.78,7.28,7.62
1995/1/9,5.75,460.83,3.75,7.21,7.75
1995/1/10,5.74,461.68,3.8,7.26,7.62
1995/1/11,5.65,461.66,3.82,7.37,7.62
1995/1/12,5.61,461.64,3.82,7.35,7.55
1995/1/13,5.56,465.97,3.91,7.44,7.69
1995/1/16,5.56,469.38,3.99,7.53,7.79
1995/1/17,5.61,470.05,4.03,7.44,7.72
1995/1/18,5.72,469.71,4.05,7.47,7.59
1995/1/19,5.71,466.95,3.96,7.29,7.39
1995/1/20,5.74,464.78,3.84,7.29,7.08
1995/1/23,5.75,465.82,3.91,7.19,7.05
1995/1/24,5.8,465.86,3.86,7.21,6.99
1995/1/25,5.77,467.44,3.85,7.26,7.09
1995/1/26,5.76,468.32,3.73,7.29,6.88
1995/1/27,5.75,470.39,3.73,7.22,6.88
1995/1/30,5.72,468.51,3.68,7.31,6.71
1995/1/31,5.84,470.42,3.7,7.37,6.85
1995/2/1,5.88,470.4,3.68,7.31,6.81
1995/2/2,5.84,472.79,3.68,7.33,6.95
1995/2/3,5.79,478.65,3.75,7.46,6.99
1995/2/6,5.79,481.14,3.79,7.44,6.95
1995/2/7,5.8,480.81,3.8,7.44,6.88
1995/2/8,5.76,481.19,3.86,7.44,6.92
1995/2/9,5.77,480.19,3.86,7.47,6.85
1995/2/10,5.8,481.46,3.86,7.46,7.02
1995/2/13,5.78,481.65,3.86,7.53,6.99
1995/2/14,5.79,482.55,3.86,7.53,7.09
1995/2/15,5.76,484.54,3.78,7.67,7.09
1995/2/16,5.68,485.22,3.79,7.74,7.11
1995/2/17,5.69,481.97,3.76,7.67,7.12
1995/2/21,5.73,482.72,3.72,7.71,7.12
1995/2/22,5.68,485.07,3.83,7.88,7.22
1995/2/23,5.7,486.91,3.84,7.92,7.22
1995/2/24,5.72,488.11,3.82,7.83,7.26
1995/2/27,5.72,483.81,3.85,7.67,7.05
1995/2/28,5.75,487.39,3.92,7.83,7.09
1995/3/1,5.75,485.65,3.94,7.8,6.95
1995/3/2,5.74,485.13,3.97,7.66,6.88
1995/3/3,5.71,485.42,3.96,7.64,6.95
1995/3/6,5.74,485.63,4.01,7.6,6.92
1995/3/7,5.78,482.12,4.07,7.58,6.92
1995/3/8,5.77,483.14,4.27,7.67,6.88
1995/3/9,5.73,483.16,4.23,7.67,6.99
1995/3/10,5.76,489.57,4.27,7.89,7.22
1995/3/13,5.74,490.05,4.3,7.87,7.29
1995/3/14,5.74,492.89,4.47,7.93,7.12
1995/3/15,5.74,491.88,4.39,7.75,7.09
1995/3/16,5.73,495.41,4.37,7.91,7.05
1995/3/17,5.73,495.52,4.36,7.82,6.99
1995/3/20,5.72,496.14,4.43,7.8,6.88
1995/3/21,5.73,495.07,4.39,7.84,6.88
1995/3/22,5.72,495.67,4.42,7.87,6.81
1995/3/23,5.69,495.95,4.53,7.85,6.81
1995/3/24,5.66,500.97,4.6,7.93,6.92
1995/3/27,5.66,503.2,4.55,7.87,7.05
1995/3/28,5.69,503.9,4.59,7.91,7.05
1995/3/29,5.66,503.12,4.5,7.93,7.22
1995/3/30,5.68,502.22,4.49,7.89,7.53
1995/3/31,5.7,500.71,4.43,7.78,7.29
1995/4/3,5.69,501.85,4.36,7.87,7.36
1995/4/4,5.72,505.24,4.35,7.91,7.22
1995/4/5,5.69,505.57,4.4,7.91,7.19
1995/4/6,5.65,506.08,4.36,7.96,7.36
1995/4/7,5.67,506.42,4.34,7.91,7.32
1995/4/10,5.65,507.01,4.42,7.93,7.29
1995/4/11,5.65,505.53,4.49,7.89,7.26
1995/4/12,5.64,507.17,4.46,7.89,7.49
1995/4/13,5.59,509.23,4.52,7.93,7.39
1995/4/17,5.6,506.13,4.82,7.76,7.32
1995/4/18,5.6,505.37,4.78,7.78,7.36
1995/4/19,5.6,504.92,4.74,7.89,7.53
1995/4/20,5.59,505.29,4.69,7.78,7.42
1995/4/21,5.61,508.49,4.67,7.93,7.32
1995/4/24,5.62,512.89,4.84,8,7.39
1995/4/25,5.66,512.1,4.98,8.03,7.46
1995/4/26,5.67,512.66,4.96,8.05,7.41
1995/4/27,5.68,513.55,4.9,8.12,7.37
1995/4/28,5.69,514.71,5.09,8.07,7.44
1995/5/1,5.7,514.26,5.12,8.12,7.41
1995/5/2,5.69,514.86,4.96,8.11,7.3
1995/5/3,5.65,520.48,5.04,8.16,7.27
1995/5/4,5.58,520.54,5.08,8.23,7.13
1995/5/5,5.56,520.12,4.98,8.27,7.27
1995/5/8,5.57,523.96,4.98,8.43,7.34
1995/5/9,5.62,523.56,4.97,8.45,7.44
1995/5/10,5.63,524.36,4.94,8.52,7.78
1995/5/11,5.66,524.37,5.07,8.41,7.54
1995/5/12,5.69,525.55,5.03,8.5,7.82
1995/5/15,5.69,527.74,5.07,8.3,8.06
1995/5/16,5.69,528.19,5.29,8.2,8.06
1995/5/17,5.67,527.07,5.36,8.29,7.96
1995/5/18,5.69,519.58,5.27,8.14,7.75
1995/5/19,5.68,519.19,5.32,8.14,7.85
1995/5/22,5.72,523.65,5.44,8.23,7.92
1995/5/23,5.72,528.59,5.51,8.3,8.09
1995/5/24,5.69,528.61,5.45,8.23,7.92
1995/5/25,5.66,528.59,5.56,8.14,7.89
1995/5/26,5.66,523.65,5.45,8.12,7.78
1995/5/30,5.64,523.58,5.17,8.16,7.78
1995/5/31,5.63,533.4,5.28,8.36,8.03
1995/6/1,5.51,533.49,5.24,8.36,8.23
1995/6/2,5.42,532.51,5.18,8.18,8.23
1995/6/5,5.51,535.6,5.28,8.34,8.37
1995/6/6,5.53,535.55,5.18,8.3,8.23
1995/6/7,5.56,533.13,5.23,8.27,8.23
1995/6/8,5.59,532.35,5.24,8.2,8.23
1995/6/9,5.59,527.94,5.29,8.02,8.13
1995/6/12,5.56,530.88,5.22,8.18,8.2
1995/6/13,5.44,536.05,5.23,8.29,8.16
1995/6/14,5.44,536.47,5.22,8.32,8.16
1995/6/15,5.47,537.12,5.29,8.32,8.13
1995/6/16,5.49,539.83,5.42,8.27,8.09
1995/6/19,5.46,545.22,5.6,8.34,8.2
1995/6/20,5.48,544.98,5.69,8.25,8.37
1995/6/21,5.43,543.98,5.64,8.23,8.47
1995/6/22,5.36,551.07,5.72,8.25,8.4
1995/6/23,5.37,549.71,5.68,8.23,8.37
1995/6/26,5.37,544.13,5.59,8.2,8.33
1995/6/27,5.37,542.43,5.41,8.18,8.3
1995/6/28,5.4,544.73,5.47,8.18,8.3
1995/6/29,5.5,543.87,5.57,8.07,8.2
1995/6/30,5.43,544.75,5.63,8.18,8.16
1995/7/3,5.44,547.09,5.67,8.28,8.33
1995/7/5,5.5,547.26,5.65,8.38,8.44
1995/7/6,5.37,553.99,5.78,8.56,8.78
1995/7/7,5.36,556.37,5.96,8.71,8.88
1995/7/10,5.35,557.19,6.16,8.67,9.02
1995/7/11,5.38,554.78,6.01,8.56,8.85
1995/7/12,5.38,560.89,6.22,8.58,8.95
1995/7/13,5.38,561,6.24,8.49,8.88
1995/7/14,5.43,559.89,6.46,8.44,8.78
1995/7/17,5.44,562.72,6.79,8.64,8.78
1995/7/18,5.44,558.46,6.35,8.56,8.51
1995/7/19,5.41,550.98,5.89,8.44,8.26
1995/7/20,5.43,553.54,5.99,8.62,7.96
1995/7/21,5.43,553.62,5.73,8.69,7.92
1995/7/24,5.44,556.63,5.83,8.66,7.89
1995/7/25,5.44,561.1,6,8.66,8.2
1995/7/26,5.45,561.61,5.98,8.6,8.09
1995/7/27,5.4,565.22,6.01,8.6,8.16
1995/7/28,5.41,562.93,5.77,8.53,8.03
1995/7/31,5.42,562.06,5.64,8.56,8.04
1995/8/1,5.44,559.64,5.58,8.51,7.94
1995/8/2,5.41,558.8,5.54,8.33,7.97
1995/8/3,5.41,558.75,5.68,8.33,7.9
1995/8/4,5.4,558.94,5.85,8.37,7.97
1995/8/7,5.39,560.03,5.83,8.53,8.04
1995/8/8,5.38,560.39,5.83,8.56,8.04
1995/8/9,5.38,559.71,6.01,8.51,7.9
1995/8/10,5.39,557.45,5.86,8.42,7.87
1995/8/11,5.42,555.11,6.01,8.38,7.76
1995/8/14,5.42,559.74,6.15,8.51,8.01
1995/8/15,5.46,558.57,6.13,8.51,7.94
1995/8/16,5.42,559.97,6.15,8.46,7.9
1995/8/17,5.43,559.04,6.18,8.37,7.83
1995/8/18,5.43,559.21,6.05,8.31,7.83
1995/8/21,5.43,558.11,5.89,8.35,7.87
1995/8/22,5.45,559.52,6.19,8.35,7.87
1995/8/23,5.43,557.14,6.1,8.31,8.01
1995/8/24,5.34,557.46,5.99,8.38,8.07
1995/8/25,5.34,560.1,5.88,8.47,7.97
1995/8/28,5.31,559.05,5.61,8.53,8.07
1995/8/29,5.33,560,5.72,8.55,8.39
1995/8/30,5.3,560.92,5.81,8.56,8.42
1995/8/31,5.27,561.88,5.76,8.55,8.53
1995/9/1,5.27,563.84,5.59,8.53,8.67
1995/9/5,5.29,569.17,5.92,8.53,8.98
1995/9/6,5.32,570.17,5.83,8.62,8.8
1995/9/7,5.34,570.29,5.89,8.58,8.67
1995/9/8,5.35,572.68,5.95,8.53,8.87
1995/9/11,5.34,573.91,6.08,8.55,8.87
1995/9/12,5.3,576.51,6,8.71,8.56
1995/9/13,5.3,578.77,5.99,8.8,8.39
1995/9/14,5.27,583.61,5.91,9.06,8.53
1995/9/15,5.29,583.35,5.82,9.27,8.87
1995/9/18,5.28,582.77,5.73,9.06,8.8
1995/9/19,5.19,584.2,5.81,9,8.7
1995/9/20,5.17,586.77,5.8,9,8.94
1995/9/21,5.23,583,5.65,9.02,8.73
1995/9/22,5.2,581.73,5.59,9.15,8.6
1995/9/25,5.24,581.81,5.62,9.34,8.7
1995/9/26,5.28,581.41,5.5,9.33,8.63
1995/9/27,5.26,581.04,5.52,9.28,8.67
1995/9/28,5.26,585.87,5.7,9.24,8.8
1995/9/29,5.24,584.41,5.64,9.31,8.63
1995/10/2,5.25,581.72,5.5,9.28,8.53
1995/10/3,5.34,582.34,5.54,9.22,8.46
1995/10/4,5.31,581.47,5.37,9.3,8.25
1995/10/5,5.27,582.63,5.45,9.2,8.35
1995/10/6,5.29,582.49,5.35,9.19,8.32
1995/10/10,5.27,577.52,5.22,9.15,8.18
1995/10/11,5.3,579.46,5.4,9.08,8.32
1995/10/12,5.29,583.1,5.46,9.19,8.84
1995/10/13,5.29,584.5,5.37,9.2,8.8
1995/10/16,5.32,583.03,5.4,9.19,8.56
1995/10/17,5.27,586.78,5.68,9.35,8.53
1995/10/18,5.24,587.44,5.96,9.39,8.35
1995/10/19,5.24,590.65,6.03,9.53,8.35
1995/10/20,5.26,587.46,5.95,9.44,8.32
1995/10/23,5.27,585.06,6,9.28,8.21
1995/10/24,5.21,586.54,6.07,9.2,8.21
1995/10/25,5.22,582.47,5.97,9.2,8.14
1995/10/26,5.22,576.72,6.11,9.13,8.07
1995/10/27,5.24,579.7,6.23,9.09,8.25
1995/10/30,5.27,583.25,6.4,9.22,8.31
1995/10/31,5.31,581.5,6.23,9.24,8.07
1995/11/1,5.32,584.22,6.13,9.09,8
1995/11/2,5.31,589.72,6.23,9.28,8.08
1995/11/3,5.31,590.57,6.2,9.17,8.03
1995/11/6,5.34,588.46,6.07,9.19,8.07
1995/11/7,5.37,586.32,5.79,9.28,8.07
1995/11/8,5.35,591.71,5.93,9.48,7.96
1995/11/9,5.39,593.26,6.17,9.5,7.89
1995/11/10,5.41,592.72,6.03,9.59,8
1995/11/13,5.42,592.3,6,9.59,8
1995/11/14,5.38,589.29,5.86,9.57,8.07
1995/11/15,5.39,593.96,5.86,9.64,8.17
1995/11/16,5.34,597.34,5.6,9.88,8.17
1995/11/17,5.34,600.07,5.44,9.79,8.03
1995/11/20,5.35,596.85,5.36,9.72,8.14
1995/11/21,5.35,600.24,5.48,9.84,8.17
1995/11/22,5.35,598.4,5.44,9.68,8.17
1995/11/24,5.32,599.97,5.48,9.64,8.14
1995/11/27,5.33,601.32,5.44,9.55,8.1
1995/11/28,5.36,606.45,5.7,9.79,8.03
1995/11/29,5.34,607.64,5.59,9.88,8.1
1995/11/30,5.32,605.37,5.43,9.81,7.93
1995/12/1,5.29,606.98,5.37,10.03,8.1
1995/12/4,5.31,613.68,5.47,10.15,8.38
1995/12/5,5.3,617.68,5.36,10.21,8.21
1995/12/6,5.31,620.18,5.65,10.43,8.1
1995/12/7,5.34,616.17,5.64,10.35,8.03
1995/12/8,5.35,617.48,5.89,10.28,8.03
1995/12/11,5.32,619.52,5.8,10.34,8.07
1995/12/12,5.25,618.78,5.69,10.52,7.96
1995/12/13,5.26,621.69,5.72,10.52,8.03
1995/12/14,5.26,616.92,5.53,10.43,7.96
1995/12/15,5.21,616.34,5.51,10.57,7.93
1995/12/18,5.2,606.81,5.42,10.61,7.93
1995/12/19,5.07,611.93,5.66,10.52,8.03
1995/12/20,5,605.94,5.43,10.23,8.17
1995/12/21,4.91,610.49,5.61,10.3,8.28
1995/12/22,4.88,611.95,5.64,10.46,8.31
1995/12/26,4.86,614.3,5.62,10.54,8.31
1995/12/27,4.9,614.53,5.54,10.55,8.14
1995/12/28,4.83,614.12,5.44,10.46,8.1
1995/12/29,4.96,615.93,5.47,10.59,8.1
1996/1/2,4.97,620.73,5.59,10.81,8.24
1996/1/3,5.05,621.32,5.41,10.82,8.38
1996/1/4,5.03,617.7,5.44,10.7,8.31
1996/1/5,5.04,616.71,5.38,10.71,8.1
1996/1/8,5.03,618.46,5.37,10.79,8.1
1996/1/9,5.01,609.45,5,10.69,7.93
1996/1/10,5.04,598.48,5.13,10.35,7.72
1996/1/11,5.03,602.69,5.4,10.37,7.93
1996/1/12,5.02,601.81,5.34,10.33,7.79
1996/1/16,5,608.44,5.38,10.42,7.79
1996/1/17,4.99,606.37,5.29,10.49,7.79
1996/1/18,4.95,608.24,5.46,10.66,7.68
1996/1/19,4.96,611.83,5.72,10.92,7.79
1996/1/22,4.98,613.4,5.73,10.88,8.1
1996/1/23,4.97,612.79,5.58,10.73,8.24
1996/1/24,4.98,619.96,5.68,10.84,8.31
1996/1/25,4.97,617.03,5.57,10.99,8.24
1996/1/26,4.97,621.62,5.64,11.1,8.21
1996/1/29,5,624.22,5.63,11.01,8.24
1996/1/30,4.99,630.15,5.66,11.1,8.38
1996/1/31,4.91,636.02,5.76,11.28,8.38
1996/2/1,4.89,638.46,5.86,11.32,8.66
1996/2/2,4.84,635.84,5.79,11.34,8.48
1996/2/5,4.87,641.43,6.05,11.49,8.48
1996/2/6,4.84,646.33,6.01,11.63,8.45
1996/2/7,4.8,649.93,6.03,11.52,8.48
1996/2/8,4.78,656.07,6.16,11.69,8.38
1996/2/9,4.79,656.37,6.24,11.67,8.59
1996/2/12,4.79,661.45,6.2,11.71,8.66
1996/2/13,4.79,660.51,6.21,11.73,8.77
1996/2/14,4.8,655.58,6.15,11.58,8.8
1996/2/15,4.77,651.32,6.14,11.47,8.59
1996/2/16,4.76,647.98,6.1,11.4,8.7
1996/2/20,4.83,640.65,6.09,11.32,8.52
1996/2/21,4.82,648.1,6.22,11.45,8.66
1996/2/22,4.8,658.86,6.39,11.71,8.8
1996/2/23,4.83,659.08,6.45,11.73,8.63
1996/2/26,4.85,650.46,6.27,11.54,8.7
1996/2/27,4.88,647.24,6.24,11.43,8.88
1996/2/28,4.88,644.75,6.24,11.19,8.95
1996/2/29,4.88,640.43,6.15,11.1,8.88
1996/3/1,4.86,644.37,5.95,11.3,8.95
1996/3/4,4.88,650.81,6,11.52,9.09
1996/3/5,4.89,655.79,6.11,11.57,9.2
1996/3/6,4.89,652,6.04,11.52,9.12
1996/3/7,4.89,653.65,6.06,11.52,9.2
1996/3/8,4.91,633.5,5.93,11.06,8.88
1996/3/11,4.95,640.02,6.01,11.32,9.2
1996/3/12,4.95,637.09,5.97,11.09,9.23
1996/3/13,4.96,638.55,6.28,11.04,9.3
1996/3/14,4.97,640.87,6.21,11.11,9.37
1996/3/15,5,641.43,6.38,11.2,9.23
1996/3/18,5.03,652.65,6.56,11.52,9.62
1996/3/19,5.03,651.69,6.66,11.41,9.55
1996/3/20,5.03,649.98,6.52,11.43,9.66
1996/3/21,4.94,649.19,6.28,11.44,9.62
1996/3/22,4.97,650.62,6.3,11.59,9.55
1996/3/25,4.93,650.04,6.22,11.69,9.66
1996/3/26,5,652.97,6.4,11.69,9.55
1996/3/27,5.02,648.91,6.39,11.67,9.55
1996/3/28,5.05,648.94,6.37,11.57,9.73
1996/3/29,5,645.5,6.42,11.52,9.76
1996/4/1,5.03,653.73,6.4,11.74,9.94
1996/4/2,5.02,655.26,6.52,11.76,10.05
1996/4/3,5,655.88,6.51,11.87,9.94
1996/4/4,4.98,655.86,6.5,11.89,10.01
1996/4/8,5.02,644.24,6.46,11.78,10.01
1996/4/9,4.98,642.19,6.33,11.59,10.01
1996/4/10,4.95,633.5,6.33,11.33,9.8
1996/4/11,4.94,631.18,6.3,11.19,9.59
1996/4/12,4.93,636.71,6.3,11.37,9.73
1996/4/15,4.87,642.49,6.45,11.57,9.87
1996/4/16,4.82,645,6.56,11.5,10.05
1996/4/17,4.83,641.61,6.6,11.57,10.4
1996/4/18,4.85,643.61,6.79,11.72,10.19
1996/4/19,4.88,645.07,6.84,11.7,10.12
1996/4/22,4.88,647.89,7.02,11.76,10.19
1996/4/23,4.96,651.58,7.02,11.74,10.26
1996/4/24,5,650.17,6.95,11.69,10.15
1996/4/25,4.97,652.87,7.02,11.54,10.01
1996/4/26,4.97,653.46,7.07,11.52,10.01
1996/4/29,5,654.16,7.02,11.48,10.19
1996/4/30,5.01,654.17,7.06,11.43,10.29
1996/5/1,4.97,654.58,7.17,11.52,10.54
1996/5/2,4.99,643.38,6.95,11.46,10.22
1996/5/3,5,641.63,6.91,11.39,10.25
1996/5/6,4.99,640.81,6.96,11.28,10.18
1996/5/7,5.01,638.26,7.05,11.15,10.32
1996/5/8,4.99,644.77,7.12,11.24,10.25
1996/5/9,4.99,645.44,7.07,11.39,10.29
1996/5/10,4.99,652.09,7.16,11.5,10.15
1996/5/13,5.02,661.51,7.39,11.61,10.25
1996/5/14,5.01,665.6,7.41,11.67,10.43
1996/5/15,5,665.42,7.33,11.65,10.4
1996/5/16,5,664.85,7.3,11.81,10.54
1996/5/17,5.01,668.91,7.29,12.02,10.68
1996/5/20,5.01,673.15,7.27,12.48,10.61
1996/5/21,5.04,672.76,7.17,12.31,10.51
1996/5/22,5.04,678.42,7.28,12.55,10.58
1996/5/23,5.04,676,7.38,12.52,10.61
1996/5/24,5.03,678.51,7.38,12.57,10.36
1996/5/28,5.04,672.23,7.3,12.24,10.54
1996/5/29,5.03,667.93,7.3,12.17,10.47
1996/5/30,5.04,671.7,7.37,12.31,10.47
1996/5/31,5.04,669.12,7.4,12.24,10.47
1996/6/3,5.08,667.68,7.37,12.26,10.43
1996/6/4,5.08,672.56,7.34,12.41,10.51
1996/6/5,5.08,678.44,7.53,12.48,10.4
1996/6/6,5.07,673.03,7.46,12.76,10.11
1996/6/7,5.12,673.31,7.55,12.7,10.04
1996/6/10,5.14,672.16,7.51,12.72,10.08
1996/6/11,5.13,670.97,7.61,12.52,10
1996/6/12,5.12,669.04,7.79,12.61,10.04
1996/6/13,5.09,667.92,7.76,12.68,9.93
1996/6/14,5.07,665.85,7.66,12.68,9.86
1996/6/17,5.05,665.16,7.76,12.76,9.86
1996/6/18,5.07,662.06,7.62,12.66,9.86
1996/6/19,5.09,661.96,7.58,12.66,10
1996/6/20,5.12,662.1,7.58,12.66,9.93
1996/6/21,5.12,666.84,7.72,12.87,9.75
1996/6/24,5.12,668.85,7.73,12.92,9.57
1996/6/25,5.09,668.48,7.6,12.98,9.39
1996/6/26,5.1,664.39,7.51,12.85,9.11
1996/6/27,5.05,668.55,7.47,12.94,9.29
1996/6/28,5.03,670.63,7.48,12.83,9.29
1996/7/1,5.07,675.88,7.62,12.97,9.46
1996/7/2,5.18,673.61,7.58,13.01,9.61
1996/7/3,5.11,672.4,7.55,12.97,9.14
1996/7/5,5.15,657.44,7.37,12.73,9
1996/7/8,5.16,652.54,7.5,12.47,8.85
1996/7/9,5.19,654.75,7.48,12.58,8.82
1996/7/10,5.15,656.06,7.44,12.7,9.03
1996/7/11,5.11,645.67,7.13,12.47,8.93
1996/7/12,5.14,646.19,7,12.49,8.82
1996/7/15,5.15,629.8,6.89,12.1,8.93
1996/7/16,5.11,628.37,7.19,12.03,8.75
1996/7/17,5.12,634.07,7.3,12.31,9.25
1996/7/18,5.11,643.56,7.47,12.47,9.21
1996/7/19,5.14,638.73,7.54,12.21,9.25
1996/7/22,5.15,633.77,7.46,12.03,9.18
1996/7/23,5.16,626.87,6.99,11.8,9.18
1996/7/24,5.16,626.65,7.15,11.88,9.14
1996/7/25,5.15,631.17,7.38,11.99,9.21
1996/7/26,5.15,635.9,7.42,12.1,9.21
1996/7/29,5.21,630.91,7.28,11.9,9.03
1996/7/30,5.19,635.26,7.39,11.91,9.29
1996/7/31,5.18,639.95,7.34,12.23,9.4
1996/8/1,5.1,650.02,7.51,12.4,9.8
1996/8/2,5.06,662.49,7.69,12.81,9.83
1996/8/5,5.04,660.23,7.58,12.77,9.76
1996/8/6,5.06,662.38,7.73,12.86,9.72
1996/8/7,5.04,664.16,7.77,12.75,9.69
1996/8/8,5.01,662.59,7.8,12.62,9.76
1996/8/9,5.01,662.1,7.76,12.45,9.8
1996/8/12,5.01,665.77,7.8,12.64,9.94
1996/8/13,5.03,660.2,7.69,12.64,9.58
1996/8/14,5.02,662.05,7.78,12.7,9.69
1996/8/15,5.05,662.28,7.79,12.6,9.69
1996/8/16,5.04,665.21,7.74,12.62,9.65
1996/8/19,5.04,666.58,7.69,12.64,9.65
1996/8/20,5.03,665.69,7.69,12.64,9.76
1996/8/21,5,665.07,7.69,12.49,9.72
1996/8/22,4.99,670.68,7.79,12.58,9.87
1996/8/23,5.01,667.03,7.68,12.75,9.8
1996/8/26,5.06,663.88,7.65,12.73,9.83
1996/8/27,5.06,666.4,7.77,12.86,9.87
1996/8/28,5.06,664.81,7.83,12.84,9.8
1996/8/29,5.1,657.4,7.73,12.6,9.69
1996/8/30,5.14,651.99,7.63,12.36,9.72
1996/9/3,5.18,654.72,7.69,12.51,9.65
1996/9/4,5.18,655.61,7.69,12.53,9.62
1996/9/5,5.21,649.44,7.57,12.38,9.47
1996/9/6,5.19,655.68,7.63,12.6,9.25
1996/9/9,5.13,663.76,7.78,12.73,9.25
1996/9/10,5.15,663.81,7.75,12.79,9.18
1996/9/11,5.16,667.28,7.79,12.79,9.11
1996/9/12,5.14,671.15,8.01,12.94,9.22
1996/9/13,5.06,680.54,8.16,13.14,9.29
1996/9/16,5.04,683.98,8.19,13.14,9.29
1996/9/17,5.17,682.94,8.34,12.94,9.4
1996/9/18,5.15,681.47,8.5,12.97,9.33
1996/9/19,5.11,683,8.58,13.07,9.25
1996/9/20,5.14,687.03,8.61,13.25,9.29
1996/9/23,5.15,686.48,8.58,13.16,9.14
1996/9/24,5.02,685.61,8.53,13.36,9.03
1996/9/25,4.94,685.83,8.45,13.61,9
1996/9/26,4.87,685.86,8.22,13.51,8.93
1996/9/27,4.9,686.19,8.37,13.68,8.89
1996/9/30,4.91,687.33,8.22,13.6,9.07
1996/10/1,4.97,689.08,8.23,13.54,9.18
1996/10/2,4.9,694.01,8.39,13.73,9.22
1996/10/3,4.9,692.78,8.35,13.73,9.07
1996/10/4,4.87,701.46,8.5,13.97,9.18
1996/10/7,4.92,703.34,8.57,14.07,9.25
1996/10/8,4.98,700.64,8.43,13.95,9.25
1996/10/9,4.98,696.74,8.38,13.88,9.22
1996/10/10,5.01,694.61,8.33,13.75,9.22
1996/10/11,5,700.66,8.54,14.1,9.29
1996/10/15,5.04,702.57,8.65,14.24,9.65
1996/10/16,5,704.41,8.6,14.2,9.4
1996/10/17,4.97,706.99,8.44,14.22,9.25
1996/10/18,4.97,710.82,8.39,14.22,9.22
1996/10/21,4.99,709.85,8.35,14.31,9.18
1996/10/22,4.99,706.57,8.25,14.29,9.14
1996/10/23,4.98,707.27,8.38,14.42,9.11
1996/10/24,4.99,702.29,8.51,14.37,9.11
1996/10/25,4.99,700.92,8.5,14.33,9.07
1996/10/28,5.02,697.26,8.51,14.2,9.03
1996/10/29,5.01,701.5,8.43,14.35,9.07
1996/10/30,5.01,700.9,8.49,14.35,9.07
1996/10/31,5.01,705.27,8.55,14.46,9.18
1996/11/1,5.02,703.77,8.56,14.44,8.96
1996/11/4,5.01,706.73,8.6,14.55,9.26
1996/11/5,5.02,714.14,8.82,14.76,9.29
1996/11/6,5.02,724.59,9,15.19,9.29
1996/11/7,5.01,727.65,8.94,15.36,9.11
1996/11/8,5.03,730.82,8.94,15.26,9.29
1996/11/11,5.03,731.87,8.95,15.24,9.29
1996/11/12,5.03,729.56,8.83,15.23,9.22
1996/11/13,5.02,731.13,9.03,15.49,9.26
1996/11/14,5.02,735.88,9.32,15.69,9.26
1996/11/15,5,737.62,9.28,15.58,9.22
1996/11/18,5.02,737.02,9.37,15.45,9.37
1996/11/19,5.02,742.16,9.71,15.39,9.37
1996/11/20,5.02,743.95,9.55,15.36,9.55
1996/11/21,5.02,742.75,9.37,15.19,9.4
1996/11/22,5.02,748.73,9.38,15.1,9.44
1996/11/25,5.02,757.03,9.56,15.51,9.55
1996/11/26,5.02,755.96,9.58,15.24,9.52
1996/11/27,5.01,755,9.69,15.32,9.55
1996/11/29,4.99,757.02,9.77,15.54,9.62
1996/12/2,4.94,756.56,9.83,15.43,9.62
1996/12/3,4.91,748.28,9.64,14.83,9.81
1996/12/4,4.89,745.1,9.55,14.78,9.7
1996/12/5,4.9,744.38,9.53,14.59,9.7
1996/12/6,4.89,739.6,9.52,14.63,9.52
1996/12/9,4.85,749.76,10.19,14.72,9.81
1996/12/10,4.81,747.54,10.2,14.66,9.62
1996/12/11,4.81,740.73,10.39,14.5,9.74
1996/12/12,4.83,729.3,10.09,14.46,9.44
1996/12/13,4.79,728.64,9.97,14.46,9.4
1996/12/16,4.85,720.98,9.56,14.22,9.18
1996/12/17,4.88,726.04,9.95,14.59,9.37
1996/12/18,4.87,731.54,10.29,14.83,9.4
1996/12/19,4.85,745.76,10.57,15.36,9.29
1996/12/20,4.88,748.87,10.42,15.28,9.37
1996/12/23,4.96,746.92,10.44,15.1,9.29
1996/12/24,4.95,751.03,10.57,15.24,9.44
1996/12/26,4.96,755.82,10.65,15.43,9.48
1996/12/27,4.96,756.79,10.5,15.4,9.44
1996/12/30,5.03,753.85,10.4,15.26,9.48
1996/12/31,5.05,740.74,10.29,14.85,9.48
1997/1/2,5.05,737.01,10.17,14.66,9.37
1997/1/3,5.03,748.03,10.54,14.89,9.55
1997/1/6,5.03,747.65,10.51,14.87,9.74
1997/1/7,5.01,753.23,10.59,15.17,9.84
1997/1/8,5.01,748.41,10.39,14.96,10.06
1997/1/9,4.99,754.85,10.26,15.19,9.92
1997/1/10,5.02,759.5,10.5,15.23,9.84
1997/1/13,5.03,759.51,10.44,15.51,9.77
1997/1/14,5.03,768.86,10.64,15.72,9.92
1997/1/15,5,767.2,10.54,15.45,9.74
1997/1/16,5.03,769.75,10.72,15.25,9.66
1997/1/17,5.02,776.17,10.86,15.57,9.7
1997/1/20,5.02,776.7,11.31,15.77,9.74
1997/1/21,5.02,782.72,11.84,15.85,9.88
1997/1/22,5.02,786.23,12.13,16.13,10.06
1997/1/23,5.02,777.56,11.81,15.64,9.92
1997/1/24,5.02,770.52,11.95,15.3,9.88
1997/1/27,5.05,765.02,11.98,15.08,9.74
1997/1/28,5.04,765.02,11.91,15.11,9.66
1997/1/29,5.04,772.5,12.12,15.57,9.63
1997/1/30,5.03,784.17,12.6,15.87,9.63
1997/1/31,5.01,786.16,12.71,15.55,9.55
1997/2/3,4.97,786.73,12.76,15.81,9.59
1997/2/4,5,789.26,12.85,15.6,9.63
1997/2/5,4.99,778.28,12.26,15.47,9.59
1997/2/6,5,780.15,12.1,15.62,9.55
1997/2/7,4.99,789.56,12.51,15.77,9.59
1997/2/10,4.99,785.43,12.18,15.6,9.51
1997/2/11,5.01,789.59,12.27,15.72,9.59
1997/2/12,5.01,802.77,12.44,15.9,9.74
1997/2/13,4.99,811.82,12.46,16.11,9.74
1997/2/14,4.96,808.48,12.19,15.98,9.74
1997/2/18,4.96,816.29,12.13,16.15,9.89
1997/2/19,4.97,812.49,12.15,16.15,9.74
1997/2/20,4.95,802.8,11.87,15.89,9.81
1997/2/21,4.95,801.77,11.84,15.79,9.85
1997/2/24,4.97,810.28,12.47,16.02,9.92
1997/2/25,5,812.03,12.4,15.92,9.96
1997/2/26,5.06,805.68,12.49,15.96,9.92
1997/2/27,5.07,795.07,11.98,15.79,9.78
1997/2/28,5.07,790.82,12.15,15.45,9.78
1997/3/3,5.09,795.31,12.4,15.53,9.85
1997/3/4,5.08,790.95,12.35,15.3,9.51
1997/3/5,5.06,801.99,12.57,15.64,9.51
1997/3/6,5.07,798.56,12.18,15.8,9.48
1997/3/7,5.08,804.97,12.06,15.91,9.59
1997/3/10,5.05,813.65,12.46,15.98,9.7
1997/3/11,5.03,811.34,12.26,15.87,9.59
1997/3/12,5.06,804.26,12.3,15.81,9.7
1997/3/13,5.1,789.56,12.41,15.64,9.44
1997/3/14,5.09,793.17,12.34,15.55,9.55
1997/3/17,5.12,795.71,12.52,15.76,9.59
1997/3/18,5.13,789.66,12.41,15.55,9.51
1997/3/19,5.15,785.77,12.06,15.63,9.44
1997/3/20,5.19,782.65,11.96,15.49,9.37
1997/3/21,5.26,784.1,11.71,15.51,9.44
1997/3/24,5.25,790.89,11.23,15.98,9.44
1997/3/25,5.25,789.07,11.25,15.85,9.48
1997/3/26,5.21,790.5,11.74,15.68,9.25
1997/3/27,5.22,773.88,11.68,15.29,9.18
1997/3/31,5.17,757.12,11.42,14.98,9.33
1997/4/1,5.16,759.64,11.62,14.89,9.37
1997/4/2,5.14,750.11,11.46,14.76,9.22
1997/4/3,5.12,750.32,11.85,14.85,9.14
1997/4/4,5.14,757.9,11.74,15.23,9.18
1997/4/7,5.15,762.13,11.95,15.17,9.4
1997/4/8,5.1,766.12,12.24,15.29,9.51
1997/4/9,5.1,760.6,12.21,15.38,9.78
1997/4/10,5.14,758.34,12.06,15.32,9.7
1997/4/11,5.15,737.65,11.84,14.78,9.59
1997/4/14,5.15,743.73,12.13,15.1,9.66
1997/4/15,5.14,754.72,12.1,15.53,9.89
1997/4/16,5.15,763.53,12.24,15.91,10.37
1997/4/17,5.14,761.77,12.23,15.68,10.33
1997/4/18,5.14,766.34,13.41,15.81,10.18
1997/4/21,5.15,760.37,13.41,15.76,10.3
1997/4/22,5.2,774.61,13.78,16.38,10.37
1997/4/23,5.2,773.64,14.34,16.17,10.37
1997/4/24,5.17,771.18,14.22,16.1,10.22
1997/4/25,5.16,765.37,14.16,16.08,10.18
1997/4/28,5.18,772.96,14.31,16.19,10.26
1997/4/29,5.12,794.05,14.83,16.7,10.52
1997/4/30,5.1,801.34,15.14,16.76,10.46
1997/5/1,5.09,798.53,15.08,16.57,10.34
1997/5/2,5.09,812.97,15.05,17.08,10.46
1997/5/5,5.01,830.29,14.98,17.59,10.65
1997/5/6,5.04,827.76,14.62,17.63,10.8
1997/5/7,5.09,815.62,14.39,17.48,10.57
1997/5/8,5.06,820.26,14.5,17.53,10.72
1997/5/9,5.04,824.78,14.55,17.59,11.02
1997/5/12,5.02,837.66,14.72,18.08,11.13
1997/5/13,5.06,833.13,14.67,18.34,10.76
1997/5/14,5.03,836.04,14.44,18.38,10.87
1997/5/15,4.97,841.88,14.59,18.72,11.06
1997/5/16,5.05,829.75,14.38,18.27,11.02
1997/5/19,5.16,833.27,14.34,18.42,10.95
1997/5/20,5.11,841.66,14.84,18.87,11.28
1997/5/21,4.99,839.35,15,18.65,11.21
1997/5/22,5.02,835.66,15.03,18.42,11.17
1997/5/23,5.03,847.03,15.31,18.53,11.25
1997/5/27,4.98,849.71,15.78,18.38,11.32
1997/5/28,5,847.21,15.68,18.42,11.25
1997/5/29,4.9,844.08,15.68,18.46,11.17
1997/5/30,4.82,848.28,15.45,18.23,11.28
1997/6/2,4.78,846.36,15.5,18.31,11.17
1997/6/3,4.95,845.48,15.05,18.31,11.43
1997/6/4,4.96,840.11,14.85,18.38,11.32
1997/6/5,4.98,843.43,15.02,18.19,11.51
1997/6/6,4.92,858.01,15.46,18.8,11.47
1997/6/9,4.9,862.91,15.59,18.99,11.51
1997/6/10,4.91,865.27,15.55,19.1,11.43
1997/6/11,4.85,869.57,15.82,19.21,11.7
1997/6/12,4.83,883.46,15.82,19.66,11.62
1997/6/13,4.84,893.27,16.15,19.96,11.55
1997/6/16,4.83,893.9,16.37,20.08,11.62
1997/6/17,4.91,894.42,16.72,20.08,11.43
1997/6/18,4.93,889.06,16.22,20,11.66
1997/6/19,4.94,897.99,16.11,20.27,11.51
1997/6/20,4.94,898.7,16.18,20.42,11.66
1997/6/23,5.03,878.62,15.96,19.78,11.47
1997/6/24,5,896.34,16.45,20.02,11.7
1997/6/25,4.97,888.99,16.25,19.74,11.64
1997/6/26,4.99,883.68,15.98,19.66,11.55
1997/6/27,5,887.3,15.89,19.72,11.73
1997/6/30,5.05,885.14,15.75,19.63,11.43
1997/7/1,5.1,891.03,15.57,20.08,11.57
1997/7/2,5.09,904.03,16,20.48,12
1997/7/3,5,916.92,16.14,21.03,12.04
1997/7/7,4.94,912.2,16.14,21.18,11.89
1997/7/8,4.96,918.75,16.35,21.07,12.15
1997/7/9,4.97,907.54,16.29,20.75,11.98
1997/7/10,4.99,913.78,16.18,21.07,12.38
1997/7/11,4.99,916.68,16.17,21.41,12.15
1997/7/14,5,918.38,16.94,21.52,12.38
1997/7/15,5.06,925.76,17.25,21.88,12.68
1997/7/16,5.04,936.59,18.5,22.43,12.23
1997/7/17,5.07,931.61,18.63,22.19,12.24
1997/7/18,5.11,915.3,17.51,21.56,12.02
1997/7/21,5.13,912.94,16.94,21.41,11.96
1997/7/22,5.09,933.98,17.96,21.79,12.32
1997/7/23,5.05,936.56,17.62,21.88,12.34
1997/7/24,5.07,940.3,17.19,21.79,12.41
1997/7/25,5.08,938.79,17.26,21.92,12.2
1997/7/28,5.1,936.45,17.07,21.69,12.47
1997/7/29,5.09,942.29,17.44,21.5,12.45
1997/7/30,5.09,952.29,17.58,21.45,12.54
1997/7/31,5.1,954.31,17.62,21.26,12.43
1997/8/1,5.13,947.14,17.52,20.95,12.35
1997/8/4,5.14,950.3,17.64,20.61,12.54
1997/8/5,5.14,952.37,17.86,20.54,12.43
1997/8/6,5.14,960.32,17.87,21.01,12.52
1997/8/7,5.15,951.19,17.93,20.69,12.86
1997/8/8,5.14,933.54,17.44,20.33,12.46
1997/8/11,5.16,937,17.23,20.5,12.46
1997/8/12,5.17,926.53,16.95,20.06,12.29
1997/8/13,5.17,922.02,16.95,20.23,12.39
1997/8/14,5.18,924.77,16.98,20.23,12.31
1997/8/15,5.13,900.81,16.56,19.21,12.12
1997/8/18,5.11,912.49,16.68,19.97,12.35
1997/8/19,5.08,926.01,17.3,20.12,12.37
1997/8/20,5.09,939.35,17.51,20.57,12.75
1997/8/21,5.12,925.05,17.18,19.99,12.96
1997/8/22,5.09,923.54,17.1,19.66,13.05
1997/8/25,5.14,920.16,17.01,19.44,13.41
1997/8/26,5.12,913.02,16.82,19.17,13.53
1997/8/27,5.13,913.7,16.77,19.02,13.3
1997/8/28,5.09,903.67,16.45,18.95,13.22
1997/8/29,5.09,899.47,16.47,18.96,13.07
1997/9/2,5.05,927.58,17.09,20.06,13.3
1997/9/3,5.01,927.86,17.02,20.31,13.26
1997/9/4,5,930.87,17.22,20.18,13.74
1997/9/5,5.02,929.05,17.11,20.08,13.64
1997/9/8,5,931.2,17.36,20.29,13.53
1997/9/9,4.99,933.62,17.38,20.23,13.81
1997/9/10,4.96,919.03,16.84,19.99,13.79
1997/9/11,4.98,912.59,17.05,19.7,13.55
1997/9/12,4.96,923.91,17.19,20.08,13.45
1997/9/15,4.99,919.77,16.28,20.12,13.36
1997/9/16,4.92,945.64,16.99,20.78,13.55
1997/9/17,4.97,943,16.6,21.13,13.68
1997/9/18,4.95,947.29,16.48,21.26,13.74
1997/9/19,4.92,950.51,16.84,21.28,13.74
1997/9/22,4.89,955.43,16.61,21.31,13.68
1997/9/23,4.85,951.93,16.88,20.95,13.38
1997/9/24,4.8,944.48,16.5,20.8,13.22
1997/9/25,4.79,937.91,16.54,20.27,13.38
1997/9/26,4.85,945.22,16.62,20.79,13.36
1997/9/29,4.86,953.34,16.76,21.02,13.7
1997/9/30,4.97,947.28,16.49,20.71,13.72
1997/10/1,4.96,955.41,16.68,20.86,13.87
1997/10/2,4.92,960.46,16.6,21.15,14.23
1997/10/3,4.89,965.03,16.81,21.02,14.14
1997/10/6,4.85,972.69,16.84,21.26,14.44
1997/10/7,4.92,983.12,17.02,21.91,14.55
1997/10/8,4.96,973.84,17.32,21.45,14.67
1997/10/9,4.98,970.62,17.31,21.49,15.05
1997/10/10,4.99,966.98,17.01,21.26,14.97
1997/10/13,4.99,968.1,17.04,21.11,15.16
1997/10/14,4.95,970.28,17.03,21.11,15.07
1997/10/15,4.92,965.72,16.91,20.92,14.93
1997/10/16,4.93,955.25,16.69,21.09,14.57
1997/10/17,4.89,944.16,16.48,21.11,14.42
1997/10/20,4.9,955.61,16.53,21.34,14.52
1997/10/21,4.96,972.28,17.26,21.49,14.74
1997/10/22,5,968.49,16.91,21.13,14.5
1997/10/23,4.97,950.69,16.9,20.5,14.23
1997/10/24,5.01,941.64,16.87,20.07,14.12
1997/10/27,4.95,876.99,16.06,18.85,13.38
1997/10/28,5.09,921.85,16.62,20.24,13.68
1997/10/29,5.05,919.16,16.31,19.74,14
1997/10/30,5.02,903.68,16.03,19.25,13.46
1997/10/31,5.06,914.62,16.2,19.67,13.41
1997/11/3,5.1,938.99,16.71,20.43,14.21
1997/11/4,5.1,940.76,16.73,20.83,14.25
1997/11/5,5.12,942.76,16.64,21.03,14.25
1997/11/6,5.15,938.03,16.45,20.92,14.19
1997/11/7,5.15,927.51,16.39,20.62,14.04
1997/11/10,5.2,921.13,16.22,20.39,13.88
1997/11/11,5.2,923.78,16.28,20.5,13.85
1997/11/12,5.15,905.96,16.1,20.01,13.25
1997/11/13,5.13,916.66,16.39,20.81,13.16
1997/11/14,5.12,928.35,16.61,21.09,13.31
1997/11/17,5.16,946.2,16.81,21.66,13.46
1997/11/18,5.15,938.23,16.7,21.17,13.42
1997/11/19,5.13,944.59,16.83,21.51,13.08
1997/11/20,5.13,958.98,17.06,21.89,13.14
1997/11/21,5.1,963.09,17.18,22.14,13.16
1997/11/24,5.14,946.67,16.88,21.8,13.1
1997/11/25,5.14,950.82,17.32,22.14,13.04
1997/11/26,5.09,951.64,17.64,22.35,13.02
1997/11/28,5.06,955.4,17.63,22.48,13.19
1997/12/1,5.09,974.77,17.92,22.52,13.62
1997/12/2,5.1,971.68,17.72,22.4,14
1997/12/3,5.1,976.77,18.03,22.22,13.75
1997/12/4,5.1,973.1,17.76,22.06,13.85
1997/12/5,5.16,983.79,17.83,22.35,14.17
1997/12/8,5.19,982.37,18.21,22.39,14.1
1997/12/9,5.1,975.78,17.98,22.71,14.19
1997/12/10,5.06,969.79,17.72,22.44,14.63
1997/12/11,5.05,954.94,17.33,22.06,14.19
1997/12/12,5.05,953.39,17.04,21.99,14.4
1997/12/15,5.09,963.39,16.96,22.71,14.44
1997/12/16,5.06,968.04,17.33,22.94,14.88
1997/12/17,5.09,965.54,16.9,22.82,15.02
1997/12/18,5.08,955.3,16.31,22.52,14.54
1997/12/19,5.24,946.78,16.03,22.22,14.08
1997/12/22,5.3,953.7,15.82,22.48,14.19
1997/12/23,5.34,939.13,15.36,21.62,14.21
1997/12/24,5.22,932.7,14.82,21.62,14.21
1997/12/26,5.18,936.46,15.05,21.55,14.35
1997/12/29,5.25,953.35,15.74,22.14,14.42
1997/12/30,5.24,970.84,16.23,22.73,15.04
1997/12/31,5.2,970.43,16.1,22.42,14.9
1998/1/2,5.17,975.04,16.34,22.62,14.81
1998/1/5,5.08,977.07,16.25,23.02,14.88
1998/1/6,5.08,966.58,16.34,22.71,14.63
1998/1/7,5.09,964,16.14,22.9,14.46
1998/1/8,4.96,956.05,16.26,22.69,13.83
1998/1/9,4.92,927.69,15.82,22.14,13.42
1998/1/12,4.92,939.21,16.14,22.75,13.88
1998/1/13,5.07,952.12,16.46,22.83,14.46
1998/1/14,5.04,957.94,16.34,22.73,14.88
1998/1/15,4.98,950.73,16.49,22.22,14.92
1998/1/16,5,961.51,16.85,22.42,15.04
1998/1/20,5.01,978.6,17.17,23.09,14.92
1998/1/21,4.99,970.81,17.07,23.09,15.13
1998/1/22,4.99,963.04,17.27,22.98,14.96
1998/1/23,5.04,957.59,17.23,22.63,14.73
1998/1/26,5.03,956.95,17.66,22.83,14.81
1998/1/27,5.11,969.02,18.09,23.3,15.31
1998/1/28,5.08,977.46,18.57,23.3,15.45
1998/1/29,5.05,985.49,18.47,23.57,15.7
1998/1/30,5.04,980.28,18.59,23.68,15.78
1998/2/2,5.09,1001.27,19.3,24.01,16.05
1998/2/3,5.09,1006,19.42,23.7,15.94
1998/2/4,4.97,1006.9,19.54,23.49,15.88
1998/2/5,4.99,1003.54,19.37,23.44,15.49
1998/2/6,5.04,1012.46,19.7,23.74,15.92
1998/2/9,5.01,1010.74,19.59,23.55,16.29
1998/2/10,5.08,1019.01,19.84,23.68,16.32
1998/2/11,5.07,1020.01,19.8,23.97,16.4
1998/2/12,5.1,1024.14,19.78,23.99,16.63
1998/2/13,5.08,1020.09,19.62,23.78,16.6
1998/2/17,5.04,1022.76,19.24,23.86,17
1998/2/18,5.05,1032.08,19.27,23.97,16.83
1998/2/19,5.05,1028.28,19.3,23.78,16.83
1998/2/20,5.07,1034.21,19.33,23.9,17.1
1998/2/23,5.1,1038.14,20.34,23.74,17.12
1998/2/24,5.18,1030.56,20.46,23.46,16.91
1998/2/25,5.17,1042.9,21.17,23.57,17.19
1998/2/26,5.18,1048.67,21.31,23.53,17.17
1998/2/27,5.18,1049.34,21.12,23.76,17.5
1998/3/2,5.17,1047.7,20.76,23.4,17.58
1998/3/3,5.07,1052.02,21.06,23.61,18.24
1998/3/4,5.03,1047.33,20.51,23.32,18.01
1998/3/5,5.03,1035.05,19.95,23.43,17.91
1998/3/6,5.01,1055.69,20.62,24.01,18.55
1998/3/9,5.01,1052.31,19.83,24.09,18.35
1998/3/10,4.96,1064.25,20.31,24.16,18.61
1998/3/11,4.94,1068.47,20.11,24.24,18.28
1998/3/12,4.94,1069.92,20.4,24.3,17.76
1998/3/13,4.96,1068.61,20.53,24.03,18.34
1998/3/16,4.96,1079.27,20.43,24.35,18.63
1998/3/17,5.01,1080.45,20.03,24.55,18.95
1998/3/18,5.02,1085.52,20.37,24.45,19.03
1998/3/19,5.03,1089.74,20.43,24.56,19.32
1998/3/20,5.04,1099.16,20.39,25.04,19.69
1998/3/23,5.01,1095.55,20.9,24.68,19.51
1998/3/24,5.01,1105.65,21.17,25.35,19.65
1998/3/25,5.02,1101.93,22.13,25.16,19.63
1998/3/26,5.06,1100.8,21.99,25.29,19.96
1998/3/27,5.06,1095.44,21.88,25.62,20.13
1998/3/30,5.08,1093.6,21.91,26.17,19.8
1998/3/31,4.99,1101.75,22.3,26.44,20.06
1998/4/1,4.97,1108.15,22.52,26.52,19.75
1998/4/2,4.96,1120.01,22.75,26.92,19.59
1998/4/3,4.93,1122.7,23.18,26.81,20.19
1998/4/6,4.97,1121.38,22.41,26.64,20.13
1998/4/7,4.91,1109.55,21.74,26.73,20.27
1998/4/8,4.91,1101.65,22.16,26.42,20.31
1998/4/9,4.93,1110.67,22.18,26.54,21.4
1998/4/13,5.05,1109.69,22.08,26.64,21.94
1998/4/14,5,1115.75,22.04,26.58,22.42
1998/4/15,4.95,1119.32,22.77,26.56,22.77
1998/4/16,4.91,1108.17,22.85,26.27,22.68
1998/4/17,4.91,1122.72,22.96,26.77,22.28
1998/4/20,4.91,1123.65,23.58,26.42,21.63
1998/4/21,4.94,1126.67,23.64,26.4,21.71
1998/4/22,4.94,1130.54,24.64,26.14,21.65
1998/4/23,4.95,1119.58,23.55,25.91,20.91
1998/4/24,4.93,1107.9,22.96,25.73,20.74
1998/4/27,4.94,1086.54,22.51,25.29,20.49
1998/4/28,4.92,1085.11,22.4,24.89,20.45
1998/4/29,4.93,1094.62,22.55,25.25,21.02
1998/4/30,4.85,1111.75,22.46,26.14,21.11
1998/5/1,4.88,1121,22.33,26.08,21.57
1998/5/4,4.9,1122.07,21.94,25.89,21.49
1998/5/5,4.97,1115.5,21.87,25.56,21.14
1998/5/6,4.99,1104.92,21.52,25.48,21.08
1998/5/7,4.97,1095.14,20.78,25.12,21.02
1998/5/8,4.99,1108.14,21.37,25.52,21.11
1998/5/11,4.99,1106.64,21,25.52,20.73
1998/5/12,4.99,1115.79,21.35,25.6,21.08
1998/5/13,4.98,1118.86,21.67,25.96,22.2
1998/5/14,5.03,1117.37,22.16,25.81,22.37
1998/5/15,5.03,1108.73,22.29,25.35,22.09
1998/5/18,5.04,1105.82,21.45,25.31,21.66
1998/5/19,5.07,1109.52,21.56,25.43,21.91
1998/5/20,5.06,1119.06,21.37,26.29,22.69
1998/5/21,5.1,1114.64,21.52,26.37,23.56
1998/5/22,5.07,1110.47,21.32,26.08,23.5
1998/5/26,5,1094.02,20.84,25.41,23.96
1998/5/27,4.95,1092.23,21.43,25.7,23.96
1998/5/28,4.92,1097.6,21.51,25.89,23.99
1998/5/29,4.89,1090.82,21.13,25.58,23.9
1998/6/1,4.86,1090.98,20.87,25.43,24.36
1998/6/2,4.97,1093.22,21.31,25.39,26.26
1998/6/3,4.99,1082.73,21.01,24.95,25.63
1998/6/4,4.98,1094.83,21.45,25.6,25.4
1998/6/5,4.97,1113.86,21.49,26,25.46
1998/6/8,4.98,1115.72,21.35,25.91,25.69
1998/6/9,5,1118.41,21.7,26.02,25.4
1998/6/10,5,1112.28,21.43,26.16,25.14
1998/6/11,4.96,1094.58,21.26,25.83,24.28
1998/6/12,4.98,1098.84,21.37,26.16,24.07
1998/6/15,4.97,1077.01,21.42,25.73,23.82
1998/6/16,5.02,1087.59,22.4,26.16,23.96
1998/6/17,5.08,1107.11,22.69,26.87,24.97
1998/6/18,5.04,1106.37,22.72,26.98,25.11
1998/6/19,5.02,1100.65,23.6,26.69,25.37
1998/6/22,4.98,1103.21,23.88,26.42,25.75
1998/6/23,4.94,1119.49,25.11,27.04,26.32
1998/6/24,4.91,1132.88,26.15,27.56,26.52
1998/6/25,4.86,1129.28,25.31,27.54,26.78
1998/6/26,4.86,1133.2,26.03,27.63,26.98
1998/6/29,4.87,1138.49,26.77,27.88,26.81
1998/6/30,4.97,1133.84,27.01,27.88,27.18
1998/7/1,4.95,1148.56,27.25,27.98,26.9
1998/7/2,4.93,1146.42,26.73,27.9,26.67
1998/7/6,4.92,1157.33,26.87,28.28,27.53
1998/7/7,4.97,1154.66,26.9,28.51,27.07
1998/7/8,4.95,1166.38,27.38,28.72,27.39
1998/7/9,4.93,1158.56,27.66,28.97,27.18
1998/7/10,4.92,1164.33,28.21,28.88,26.67
1998/7/13,4.94,1165.19,29.3,28.8,27.39
1998/7/14,5.02,1177.58,29.03,29.26,27.88
1998/7/15,5,1174.81,29.25,28.95,27.42
1998/7/16,5.02,1183.99,29.25,29.48,27.53
1998/7/17,5.01,1186.75,29.39,29.76,27.13
1998/7/20,4.99,1184.1,29.16,29.4,26.61
1998/7/21,4.93,1165.07,28.11,28.61,26.95
1998/7/22,4.93,1164.08,29.09,28.13,27.67
1998/7/23,4.96,1139.75,28.16,27.71,26.9
1998/7/24,4.94,1140.8,28.36,28.23,26.55
1998/7/27,4.94,1147.27,29.09,28.32,27.21
1998/7/28,4.92,1130.24,27.97,27.95,27.33
1998/7/29,4.93,1125.21,27.58,27.55,26.74
1998/7/30,4.92,1142.95,28.27,28.11,28.19
1998/7/31,4.95,1120.67,27.4,27.53,26.45
1998/8/3,4.97,1112.44,27.02,27.55,26.33
1998/8/4,4.95,1072.12,26.04,26.3,24.91
1998/8/5,4.94,1081.43,25.99,26.7,25.17
1998/8/6,4.88,1089.63,26.63,27.34,24.85
1998/8/7,4.87,1089.45,26.38,27.13,24.19
1998/8/10,4.85,1083.14,26.03,27.03,24.13
1998/8/11,4.88,1068.98,25.78,26.88,23.52
1998/8/12,4.9,1084.22,26.18,27.51,23.96
1998/8/13,4.92,1074.91,25.9,27.05,23.69
1998/8/14,4.9,1062.75,25.98,26.92,22.68
1998/8/17,4.92,1083.67,26.74,27.49,22.27
1998/8/18,4.95,1101.2,27.72,27.94,23.29
1998/8/19,4.93,1098.06,27.55,28.09,23.67
1998/8/20,4.91,1091.6,28.05,27.84,22.68
1998/8/21,4.87,1081.24,27.57,27.59,22.3
1998/8/24,4.93,1088.14,27.5,27.63,23.09
1998/8/25,4.94,1092.85,28.11,27.8,22.77
1998/8/26,4.92,1084.19,28.05,27.84,22.45
1998/8/27,4.84,1042.59,27.23,26.65,21.58
1998/8/28,4.78,1027.14,26.23,26.43,22.13
1998/8/31,4.76,957.28,23.91,24.63,20.71
1998/9/1,4.77,994.26,25.23,25.45,21.17
1998/9/2,4.77,990.48,25.06,24.74,20.71
1998/9/3,4.71,982.26,24.73,23.93,19.72
1998/9/4,4.73,973.89,24.08,23.36,19.43
1998/9/8,4.73,1023.46,25.41,25.2,20.42
1998/9/9,4.75,1006.2,25.48,24.69,21.32
1998/9/10,4.65,980.19,25.11,23.72,20.07
1998/9/11,4.73,1009.06,25.98,24.4,20.1
1998/9/14,4.75,1029.72,26.42,24.36,21.49
1998/9/15,4.66,1037.68,26.99,24.03,21.93
1998/9/16,4.63,1045.48,26.96,24.59,21.69
1998/9/17,4.57,1018.87,26.15,24.09,21
1998/9/18,4.49,1020.09,26.26,23.97,20.85
1998/9/21,4.59,1023.89,26.88,24.4,21.29
1998/9/22,4.69,1029.63,27.21,24.59,21.26
1998/9/23,4.57,1066.09,28.31,25.88,22.53
1998/9/24,4.48,1042.72,27.44,25.17,22.1
1998/9/25,4.41,1044.75,28.17,25.57,22.33
1998/9/28,4.37,1048.69,27.74,25.82,22.83
1998/9/29,4.32,1049.02,28.13,25.6,22.8
1998/9/30,4.25,1017.01,27.43,24.58,21.81
1998/10/1,4.13,986.39,25.93,23.34,20.48
1998/10/2,4.1,1002.6,25.95,23.29,20.01
1998/10/5,4.02,988.56,25.22,22.55,18.45
1998/10/6,4.05,984.59,24.33,22.79,18.85
1998/10/7,4.05,970.68,23.45,23.17,19.11
1998/10/8,3.73,959.44,22.72,22.11,19.09
1998/10/9,3.81,984.39,24.14,22.4,20.53
1998/10/12,3.81,997.71,24.86,22.88,21.11
1998/10/13,3.81,994.8,24.03,23.52,20.45
1998/10/14,3.92,1005.53,24.97,23.98,21.26
1998/10/15,4.02,1047.49,26.28,25.33,22.62
1998/10/16,3.53,1056.42,26.18,25.89,23.58
1998/10/19,3.69,1062.39,25.65,25.76,23.49
1998/10/20,3.91,1063.93,24.98,25.41,23.49
1998/10/21,3.9,1069.92,26.52,25.91,23.17
1998/10/22,3.86,1078.48,27.41,26.72,23.2
1998/10/23,3.87,1070.67,26.51,26.74,23.17
1998/10/26,3.99,1072.32,26.68,26.53,23.32
1998/10/27,4.06,1065.34,26.28,26.42,23.55
1998/10/28,4.18,1068.09,26.34,26.24,23.88
1998/10/29,4.21,1085.93,26.57,26.82,24.06
1998/10/30,4.21,1098.67,26.38,27.03,25.4
1998/11/2,4.3,1111.6,26.37,26.99,25.49
1998/11/3,4.38,1110.84,26.21,27.34,24.94
1998/11/4,4.45,1118.67,26.29,27.42,25.29
1998/11/5,4.43,1133.85,26.51,28.06,25.11
1998/11/6,4.55,1141.01,27.24,27.92,25.26
1998/11/9,4.51,1130.2,27.58,27.42,24.82
1998/11/10,4.44,1128.26,27.93,27.52,25.26
1998/11/11,4.44,1120.97,27.68,26.94,25.23
1998/11/12,4.39,1117.69,27.1,26.76,24.35
1998/11/13,4.35,1125.72,27.41,27.25,25
1998/11/16,4.41,1135.87,27.12,27.94,25.58
1998/11/17,4.3,1139.32,27.88,27.81,25.67
1998/11/18,4.32,1144.48,27.35,28.35,25.7
1998/11/19,4.32,1152.61,27.85,28.6,25.47
1998/11/20,4.35,1163.55,28.31,28.64,25.93
1998/11/23,4.47,1188.21,29.7,29.23,26.11
1998/11/24,4.49,1182.99,30.33,29.12,25.87
1998/11/25,4.45,1186.87,30.96,28.79,25.67
1998/11/27,4.43,1192.33,31.91,28.52,25.82
1998/11/30,4.42,1163.63,30.4,27.92,25.78
1998/12/1,4.38,1175.28,32.27,28.15,27.22
1998/12/2,4.37,1171.25,31.59,28.1,26.43
1998/12/3,4.33,1150.14,30.43,27.21,25.82
1998/12/4,4.36,1176.74,31.74,27.84,26.4
1998/12/7,4.38,1187.7,33.28,28.06,26.46
1998/12/8,4.31,1181.38,32.69,27.94,25.73
1998/12/9,4.31,1183.49,33.3,27.81,25.67
1998/12/10,4.36,1165.02,32.78,27.32,25.32
1998/12/11,4.39,1166.46,33.39,27.52,25.7
1998/12/14,4.39,1141.2,31.88,26.82,24.53
1998/12/15,4.38,1162.83,32.86,28.77,25.47
1998/12/16,4.34,1161.94,33.33,28.42,26.05
1998/12/17,4.34,1179.98,33.49,29.14,26.69
1998/12/18,4.38,1188.03,34.34,29.93,26.64
1998/12/21,4.43,1202.84,35,30.39,25.93
1998/12/22,4.41,1203.57,34.5,30.6,26.17
1998/12/23,4.46,1228.54,35.78,31.32,27.34
1998/12/24,4.45,1226.27,35.32,31.19,27.57
1998/12/28,4.45,1225.49,35.48,31.42,27.89
1998/12/29,4.48,1241.81,35.01,32.01,27.75
1998/12/30,4.43,1231.93,34.64,31.72,27.22
1998/12/31,4.35,1229.23,34.56,31.62,27.48
1999/1/4,4.37,1228.1,35.14,31.18,27.04
1999/1/5,4.37,1244.78,36.51,31.84,27.86
1999/1/6,4.37,1272.34,37.69,32.46,28.92
1999/1/7,4.31,1269.73,37.5,31.91,28.94
1999/1/8,4.36,1275.09,37.35,31.74,30.44
1999/1/11,4.39,1263.88,36.76,30.91,30.2
1999/1/12,4.36,1239.51,35.43,30.3,29.45
1999/1/13,4.34,1234.4,35.84,29.94,28.74
1999/1/14,4.31,1212.19,35.32,30.09,28.28
1999/1/15,4.32,1243.26,37.32,31.23,29.03
1999/1/19,4.28,1252,38.78,31.45,29.94
1999/1/20,4.29,1256.62,40.53,31.12,30.29
1999/1/21,4.21,1235.16,39.45,30.79,29.06
1999/1/22,4.25,1225.19,38.94,30.34,28.51
1999/1/25,4.29,1233.98,40.34,31.16,28.57
1999/1/26,4.35,1252.31,42.75,31.62,28.94
1999/1/27,4.36,1243.17,42.02,31.47,28.45
1999/1/28,4.37,1265.37,43.36,32.07,29.49
1999/1/29,4.36,1279.64,43.61,32.51,28.99
1999/2/1,4.41,1273,43.1,31.68,28.66
1999/2/2,4.41,1261.99,41.77,31.62,27.84
1999/2/3,4.36,1272.07,41.57,31.89,28.49
1999/2/4,4.36,1248.49,39.64,31.04,27.27
1999/2/5,4.39,1239.4,39.87,30.38,27.01
1999/2/8,4.4,1243.77,41.18,30.25,27.69
1999/2/9,4.41,1216.14,39.89,29.76,27.13
1999/2/10,4.37,1223.55,40.03,30.36,27.75
1999/2/11,4.39,1254.04,40.56,31,28.37
1999/2/12,4.42,1230.13,39.31,30.26,27.31
1999/2/16,4.4,1241.87,38.94,30.69,27.1
1999/2/17,4.41,1224.03,37.38,30.79,27.9
1999/2/18,4.41,1237.28,36.32,31.19,28.34
1999/2/19,4.45,1239.22,36.82,31.12,27.75
1999/2/22,4.49,1272.14,37.08,32.24,28.52
1999/2/23,4.54,1271.18,38.74,31.93,27.95
1999/2/24,4.54,1253.41,38.1,31.31,28.07
1999/2/25,4.5,1245.02,38.25,31.12,28.1
1999/2/26,4.55,1238.33,37.41,31.1,27.98
1999/3/1,4.58,1236.16,37.82,31.29,27.54
1999/3/2,4.54,1225.5,37.02,30.79,26.95
1999/3/3,4.48,1227.7,37.29,30.61,26.8
1999/3/4,4.48,1246.64,37.94,31.27,27.54
1999/3/5,4.49,1275.47,38.61,32.26,28.37
1999/3/8,4.5,1282.73,39.62,32.61,28.34
1999/3/9,4.47,1279.84,40.32,32.98,27.25
1999/3/10,4.47,1286.84,40.22,32.9,26.84
1999/3/11,4.48,1297.68,40.23,33.31,27.34
1999/3/12,4.47,1294.59,39.92,33.4,27.34
1999/3/15,4.46,1307.26,41.34,34.26,27.6
1999/3/16,4.43,1306.38,42.13,34.22,27.34
1999/3/17,4.4,1297.82,41.65,33.74,27.07
1999/3/18,4.37,1316.55,42.97,34.22,27.51
1999/3/19,4.38,1299.29,42.66,34.85,27.63
1999/3/22,4.39,1297.01,43.06,34.34,27.95
1999/3/23,4.38,1262.14,41.51,33.15,26.84
1999/3/24,4.38,1268.59,42.68,33.21,26.51
1999/3/25,4.39,1289.99,44.84,33.76,27.54
1999/3/26,4.39,1282.8,44.39,33.54,26.86
1999/3/29,4.39,1310.17,46.04,34.85,26.95
1999/3/30,4.37,1300.75,46.35,35.25,26.72
1999/3/31,4.36,1286.37,44.67,34.42,26.75
1999/4/1,4.3,1293.72,46.2,34.73,26.66
1999/4/5,4.29,1321.12,47.32,35.66,27.51
1999/4/6,4.29,1317.89,46.88,35.25,27.48
1999/4/7,4.28,1326.89,46.51,35.62,28.66
1999/4/8,4.27,1343.98,47.13,35.43,28.72
1999/4/9,4.26,1348.35,46.97,34.9,28.57
1999/4/12,4.22,1358.63,46.35,36.25,29.02
1999/4/13,4.17,1349.82,44.92,36.38,29.81
1999/4/14,4.16,1328.44,42.8,35.49,29.61
1999/4/15,4.19,1322.85,44.29,35,29.63
1999/4/16,4.22,1319,43.17,34.61,30.61
1999/4/19,4.21,1289.48,40.37,32.59,30.67
1999/4/20,4.25,1306.17,41.43,34.01,30.14
1999/4/21,4.24,1336.12,40.87,35.33,30.2
1999/4/22,4.27,1358.82,42.33,35.23,30.2
1999/4/23,4.31,1356.85,42.86,35.12,30.08
1999/4/26,4.35,1360.04,43.86,35.31,30.28
1999/4/27,4.37,1362.8,41.87,35,30.22
1999/4/28,4.38,1350.91,40.93,34.69,30.25
1999/4/29,4.38,1342.83,40.9,33.48,31.18
1999/4/30,4.43,1335.18,40.52,32.78,30.38
1999/5/3,4.46,1354.63,39.81,32.86,31.69
1999/5/4,4.49,1332,38.9,32.65,30.47
1999/5/5,4.48,1347.31,39.43,33.91,30.59
1999/5/6,4.48,1332.05,38.85,33.68,29.7
1999/5/7,4.47,1345,39.4,34.2,30.83
1999/5/10,4.47,1340.3,39.72,33.83,30.44
1999/5/11,4.48,1355.61,39.81,34.52,30.44
1999/5/12,4.47,1364,40.12,34.28,30.65
1999/5/13,4.45,1367.56,39.43,34.01,30.18
1999/5/14,4.5,1337.8,38.31,32.96,28.87
1999/5/17,4.55,1339.49,39.43,33.06,27.35
1999/5/18,4.53,1333.32,39.22,32.43,27.71
1999/5/19,4.5,1344.23,39.53,33.6,27.41
1999/5/20,4.48,1338.83,39.09,33.12,27.53
1999/5/21,4.46,1330.29,38.66,32.39,27.68
1999/5/24,4.5,1306.65,38.5,32.2,26.67
1999/5/25,4.51,1284.4,38,31.85,26.94
1999/5/26,4.52,1304.76,39.12,32.08,27.39
1999/5/27,4.52,1281.41,39.06,31.33,26.64
1999/5/28,4.51,1301.84,40.22,31.64,27.15
1999/6/1,4.54,1294.26,39.12,31.91,27.32
1999/6/2,4.6,1294.81,39.09,31.75,26.85
1999/6/3,4.52,1299.54,38.06,32.01,26.91
1999/6/4,4.43,1327.75,39.65,32.63,26.76
1999/6/7,4.39,1334.52,40,32.49,27.09
1999/6/8,4.48,1317.33,39.56,31.85,26.61
1999/6/9,4.47,1318.64,41.02,31.95,26.26
1999/6/10,4.53,1302.82,39.81,31.42,26.14
1999/6/11,4.59,1293.64,38.93,31.53,25.84
1999/6/14,4.57,1294,38.66,32.28,25.42
1999/6/15,4.59,1301.16,38.72,32.42,25.16
1999/6/16,4.55,1330.41,40.37,33.23,26.05
1999/6/17,4.51,1339.9,41.3,33.74,25.96
1999/6/18,4.52,1342.84,42.36,33.46,26.17
1999/6/21,4.55,1349,44.33,32.84,26.11
1999/6/22,4.61,1335.88,43.11,32.94,26.05
1999/6/23,4.59,1333.06,42.86,32.92,25.13
1999/6/24,4.59,1315.78,42.17,33.21,25.6
1999/6/25,4.66,1315.31,42.33,32.49,25.4
1999/6/28,4.67,1331.35,43.24,33.04,25.25
1999/6/29,4.7,1351.45,43.86,34.13,25.45
1999/6/30,4.67,1372.71,44.95,35.16,26.82
1999/7/1,4.57,1380.96,45.45,34.69,27.83
1999/7/2,4.54,1391.22,45.85,35.06,27.3
1999/7/6,4.52,1388.12,44.64,35.56,27.41
1999/7/7,4.53,1395.86,46.01,36.81,27.32
1999/7/8,4.54,1394.42,46.13,36.51,26.85
1999/7/9,4.56,1403.28,46.48,36.55,26.61
1999/7/12,4.56,1399.1,46.94,36.01,26.49
1999/7/13,4.58,1393.56,46.66,36.07,25.42
1999/7/14,4.58,1398.17,47.32,36.14,25.16
1999/7/15,4.57,1409.62,47.03,36.69,25.42
1999/7/16,4.54,1418.78,49.56,37.1,25.69
1999/7/19,4.52,1407.65,49.03,37.45,25.63
1999/7/20,4.49,1377.1,46.51,36.69,25.28
1999/7/21,4.47,1379.29,47.19,36.5,25.84
1999/7/22,4.48,1360.97,45.38,35.89,25.63
1999/7/23,4.52,1356.94,44.98,35.95,25.4
1999/7/26,4.57,1347.76,43.67,35.58,25.21
1999/7/27,4.58,1362.84,44.26,36.28,25.37
1999/7/28,4.57,1365.4,44.86,35.58,25.33
1999/7/29,4.58,1341.03,43.33,34.95,24.93
1999/7/30,4.62,1328.72,42.77,34.02,23.25
1999/8/2,4.65,1328.05,42.27,33.67,23.67
1999/8/3,4.69,1322.18,42.24,33.67,24
1999/8/4,4.66,1305.33,42.33,33.32,23.55
1999/8/5,4.58,1313.71,42.74,34.19,23.43
1999/8/6,4.66,1300.29,42.42,33.39,23.07
1999/8/9,4.74,1297.8,41.77,32.79,23.01
1999/8/10,4.81,1281.43,41.34,32.73,22.23
1999/8/11,4.77,1301.93,41.96,33.1,22.92
1999/8/12,4.66,1298.16,40.74,32.79,22.65
1999/8/13,4.6,1327.68,42.21,33.63,23.31
1999/8/16,4.63,1330.77,42.02,34.27,23.31
1999/8/17,4.68,1344.16,42.14,34.78,23.61
1999/8/18,4.63,1332.84,42.36,34.86,24.39
1999/8/19,4.63,1323.59,41.77,34.64,24.15
1999/8/20,4.69,1336.61,41.55,35.21,24.78
1999/8/23,4.77,1360.22,43.08,36.38,24.81
1999/8/24,4.85,1363.5,45.95,36.4,24.51
1999/8/25,4.79,1381.79,47.5,37.24,24.93
1999/8/26,4.78,1362.01,47.16,37.12,24.75
1999/8/27,4.84,1348.27,46.48,36.38,24.75
1999/8/30,4.85,1324.02,45.98,35.66,24.33
1999/8/31,4.85,1320.41,46.13,35.05,24.99
1999/9/1,4.82,1331.07,46.04,35.48,24.87
1999/9/2,4.78,1319.11,45.76,35.25,24.42
1999/9/3,4.77,1357.24,47.78,36.33,25.15
1999/9/7,4.69,1350.45,46.97,37.39,24.48
1999/9/8,4.69,1344.15,45.98,37.72,24.16
1999/9/9,4.68,1347.66,46.88,37.37,23.94
1999/9/10,4.62,1351.66,47.35,37.2,24.33
1999/9/13,4.63,1344.13,46.78,37,24.83
1999/9/14,4.69,1336.29,47.38,36.44,24.54
1999/9/15,4.62,1317.97,46.16,36.2,23.85
1999/9/16,4.56,1318.48,46.85,36.59,23.94
1999/9/17,4.55,1335.42,48.07,37.45,23.94
1999/9/20,4.54,1335.53,48.62,38.08,23.94
1999/9/21,4.65,1307.58,47.16,37.22,23.43
1999/9/22,4.68,1310.51,47.88,37.14,23.88
1999/9/23,4.67,1280.41,45.45,36.44,23.58
1999/9/24,4.67,1277.36,45.32,36.83,23.82
1999/9/27,4.67,1283.31,45.57,37.45,24.09
1999/9/28,4.67,1282.2,45.91,37.05,23.94
1999/9/29,4.68,1268.37,44.61,36.45,23.79
1999/9/30,4.71,1282.71,45.13,37.11,24.09
1999/10/1,4.71,1282.81,44.85,36.74,24.27
1999/10/4,4.7,1304.6,46.13,37.58,24.6
1999/10/5,4.73,1301.35,45.76,37.85,24.83
1999/10/6,4.67,1325.4,46.69,38.72,25.41
1999/10/7,4.7,1317.64,46.72,38.15,24.63
1999/10/8,4.67,1336.02,47.32,39.05,24.99
1999/10/11,4.67,1335.21,47,38.54,25.41
1999/10/12,4.72,1313.04,46.13,37.99,25.38
1999/10/13,4.84,1285.55,45.38,37.42,25.29
1999/10/14,4.87,1283.42,45.2,37.6,25.43
1999/10/15,4.89,1247.41,43.89,36.23,24.24
1999/10/18,4.93,1254.13,43.79,36.82,24.95
1999/10/19,4.99,1261.32,43.02,36.95,25.31
1999/10/20,4.99,1289.43,45.98,38.07,25.47
1999/10/21,4.98,1283.61,46.38,38.58,25.47
1999/10/22,4.92,1301.65,46.2,39.32,25.83
1999/10/25,4.9,1293.63,46.07,39.2,25.91
1999/10/26,4.99,1281.91,46.04,39.32,25.88
1999/10/27,4.99,1296.71,45.29,40.2,25.64
1999/10/28,4.95,1342.44,44.79,41.63,26.4
1999/10/29,4.96,1362.93,46.13,42.41,26.55
1999/11/1,4.98,1354.12,46.04,40.5,26.43
1999/11/2,4.98,1347.74,46.13,40.38,26.31
1999/11/3,4.97,1354.93,45.85,41.12,26.01
1999/11/4,4.94,1362.64,45.73,41.28,25.67
1999/11/5,4.98,1370.23,45.63,41.86,25.98
1999/11/8,5.04,1377.01,44.83,41.94,25.95
1999/11/9,5.04,1365.28,44.29,41.75,26.16
1999/11/10,5.05,1373.46,43.42,41.94,26.01
1999/11/12,5.08,1396.06,44.45,42.37,25.83
1999/11/15,5.11,1394.39,43.36,42.41,26.43
1999/11/16,5.14,1420.07,43.52,43.7,26.43
1999/11/17,5.09,1410.71,42.36,44.19,25.47
1999/11/18,5.08,1424.94,42.33,43.63,24.56
1999/11/19,5.08,1422,42.86,43.1,24.41
1999/11/22,5.07,1420.94,44.76,43.88,24.53
1999/11/23,5.13,1404.64,44.67,43.08,24.44
1999/11/24,5.13,1417.08,45.7,42.84,24.95
1999/11/26,5.13,1416.62,45.41,42.45,24.5
1999/11/29,5.17,1407.83,44.95,41.67,24.83
1999/11/30,5.15,1388.91,45.38,40.73,24.44
1999/12/1,5.1,1397.72,46.45,42.1,24.5
1999/12/2,5.09,1409.04,47.25,42.16,24.44
1999/12/3,5.09,1433.3,47.91,42.65,25.31
1999/12/6,5.09,1423.33,47.57,42.95,25.34
1999/12/7,5.07,1409.17,46.35,43.82,24.26
1999/12/8,5.06,1403.88,45.73,44.22,24.41
1999/12/9,5.1,1408.11,46.23,44.93,24.34
1999/12/10,5.12,1417.04,46.78,46.15,23.68
1999/12/13,5.21,1415.22,48.16,46.58,23.65
1999/12/14,5.21,1403.17,49.19,46.91,23.47
1999/12/15,5.18,1413.33,54.05,45.17,23.92
1999/12/16,5.22,1418.78,56.66,46.21,24.04
1999/12/17,5.28,1421.03,57.44,47.54,24.22
1999/12/20,5.38,1418.09,56.19,47.97,24.44
1999/12/21,5.42,1433.43,57.75,49.4,24.56
1999/12/22,5.38,1436.13,58.59,49.55,24.68
1999/12/23,5.3,1458.34,58.53,49.43,25.55
1999/12/27,5.28,1457.1,59.37,50.05,25.34
1999/12/28,5.26,1457.66,58.56,49.35,25.49
1999/12/29,5.09,1463.46,58.78,49.13,25.59
1999/12/30,5.01,1464.47,58.62,48.64,25.92
1999/12/31,5.17,1469.25,58.19,48.56,25.79
2000/1/3,5.27,1455.22,58.09,47.07,25.34
2000/1/4,5.27,1399.42,56.13,45.19,24.5
2000/1/5,5.27,1402.11,56.72,45.11,24.59
2000/1/6,5.24,1403.45,54.82,45.71,24.62
2000/1/7,5.22,1441.47,55.54,47.48,26.43
2000/1/10,5.23,1457.6,55.95,47.47,25.95
2000/1/11,5.27,1438.56,54.51,47.54,25.25
2000/1/12,5.28,1432.25,52.74,47.7,25.98
2000/1/13,5.22,1449.68,53.73,48.25,25.67
2000/1/14,5.25,1465.15,55.95,47.39,25.04
2000/1/18,5.23,1455.14,57.47,46.45,26.25
2000/1/19,5.35,1455.9,53.33,46.67,25.86
2000/1/20,5.3,1445.57,52.83,45.8,25.27
2000/1/21,5.3,1441.36,51.71,45.23,24.41
2000/1/24,5.33,1401.53,50.46,43.35,24.74
2000/1/25,5.4,1410.03,51.24,43.46,24.26
2000/1/26,5.41,1404.09,49.53,44.39,23.23
2000/1/27,5.41,1398.56,49.22,44.48,24.16
2000/1/28,5.47,1360.16,48.97,42.05,23.95
2000/1/31,5.53,1394.46,48.78,42.05,24.32
2000/2/1,5.55,1409.28,51.31,42.68,24.35
2000/2/2,5.5,1409.12,50.24,42.07,23.77
2000/2/3,5.43,1424.97,51.64,43.7,23.83
2000/2/4,5.49,1424.37,53.11,44.42,23.49
2000/2/7,5.47,1424.24,53.14,42.84,23.43
2000/2/8,5.52,1441.72,54.79,43.01,23.52
2000/2/9,5.49,1411.71,51.83,42.07,23.06
2000/2/10,5.5,1416.83,52.83,42.5,22.97
2000/2/11,5.48,1387.12,49.81,41.97,22.55
2000/2/14,5.46,1389.94,49.65,42.17,23
2000/2/15,5.58,1402.05,49.12,43.15,22.67
2000/2/16,5.55,1387.67,48.65,42.57,22.63
2000/2/17,5.57,1388.26,49.65,41.11,22.42
2000/2/18,5.57,1346.09,47.38,39.26,21.2
2000/2/22,5.6,1352.17,46.75,40.68,21.53
2000/2/23,5.64,1360.69,46.97,40.95,21.02
2000/2/24,5.64,1353.43,47.22,41.11,20.77
2000/2/25,5.62,1333.36,45.51,39.58,20.99
2000/2/28,5.66,1348.05,45.63,40.62,20.87
2000/2/29,5.64,1366.42,44.54,41.54,20.35
2000/3/1,5.6,1379.19,45.26,41.23,20.33
2000/3/2,5.59,1381.76,46.54,42.44,20.22
2000/3/3,5.63,1409.17,47.91,43.74,20.87
2000/3/6,5.65,1391.28,45.16,43.26,20.5
2000/3/7,5.65,1355.62,46.29,40.9,20.1
2000/3/8,5.67,1366.7,47.63,41.01,20.8
2000/3/9,5.66,1401.69,49.84,40.6,20.35
2000/3/10,5.68,1395.07,50.34,41.45,20.07
2000/3/13,5.71,1383.62,48.84,40.74,20.8
2000/3/14,5.71,1359.15,47.41,39.97,20.04
2000/3/15,5.69,1392.14,47.53,42.04,21.53
2000/3/16,5.7,1458.47,47.53,43.75,21.41
2000/3/17,5.7,1464.47,49.53,44.03,21.81
2000/3/20,5.73,1456.63,48.53,44.36,21.38
2000/3/21,5.74,1493.87,51.21,47.37,22.39
2000/3/22,5.74,1500.64,51.46,47.49,21.51
2000/3/23,5.73,1527.35,55.76,50.36,21.75
2000/3/24,5.72,1527.46,55.67,50.06,21.81
2000/3/27,5.68,1523.86,51.86,49.71,21.6
2000/3/28,5.71,1507.73,51.99,49.1,21.75
2000/3/29,5.72,1508.52,53.42,51.3,21.9
2000/3/30,5.71,1487.92,51.52,49.97,22.79
2000/3/31,5.72,1498.58,52.95,48.98,22.45
2000/4/3,5.69,1505.97,45.29,50.67,22.97
2000/4/4,5.67,1494.73,44.14,48.47,23.98
2000/4/5,5.7,1487.37,43.05,48.25,24.1
2000/4/6,5.71,1501.34,42.86,49.38,24.41
2000/4/7,5.71,1516.35,44.39,49.98,23.52
2000/4/10,5.69,1504.46,42.89,50.18,24.96
2000/4/11,5.67,1500.59,41.8,50.87,25.39
2000/4/12,5.67,1467.17,39.56,49.34,26.21
2000/4/13,5.64,1440.51,39.5,47.37,26.61
2000/4/14,5.64,1356.56,36.94,45.87,25.54
2000/4/17,5.64,1401.44,37.81,47.84,27.89
2000/4/18,5.64,1441.61,40.15,49.26,27.07
2000/4/19,5.64,1427.47,39.22,48.94,26.88
2000/4/20,5.62,1434.54,39.34,49.89,26.95
2000/4/24,5.6,1429.86,33.2,51.01,27.03
2000/4/25,5.63,1477.44,34.57,52.25,26.88
2000/4/26,5.59,1460.99,33.89,51.38,26.88
2000/4/27,5.58,1464.92,34.79,50.83,26.95
2000/4/28,5.65,1452.43,34.76,49.49,27
2000/5/1,5.67,1468.25,36.6,50.16,26.66
2000/5/2,5.74,1446.29,34.82,50.69,26.26
2000/5/3,5.74,1415.1,35.17,49.12,26.17
2000/5/4,5.72,1409.57,35.11,48.47,25.96
2000/5/5,5.79,1432.63,35.45,49.73,26.08
2000/5/8,5.89,1424.17,34.79,49.52,26.42
2000/5/9,5.96,1412.14,33.8,49.22,26.17
2000/5/10,5.93,1383.05,32.99,47.81,25.77
2000/5/11,5.91,1407.81,33.83,48.1,26.11
2000/5/12,5.96,1420.96,34.29,49.34,26.33
2000/5/15,5.93,1452.36,34.57,50.99,25.84
2000/5/16,6.01,1466.04,34.64,51.22,26.24
2000/5/17,5.91,1447.8,33.74,50.64,25.84
2000/5/18,5.73,1437.21,32.99,50.17,26.45
2000/5/19,5.7,1406.95,32.43,48.99,26.36
2000/5/22,5.7,1400.72,31.99,47.21,25.28
2000/5/23,5.78,1373.86,31.49,47.21,25.34
2000/5/24,5.74,1399.05,32.67,47.92,25.62
2000/5/25,5.66,1381.52,30.65,47.92,25
2000/5/26,5.65,1378.02,30.62,46.8,23.77
2000/5/30,5.6,1422.45,31.59,48.39,24.2
2000/5/31,5.49,1420.6,31.18,49.69,23.95
2000/6/1,5.56,1448.81,32.18,49.46,24.42
2000/6/2,5.7,1477.26,33.05,49.81,24.66
2000/6/5,5.71,1467.63,33.33,48.68,24.97
2000/6/6,5.82,1457.84,34.7,48.34,24.66
2000/6/7,5.75,1471.36,35.14,48.51,24.39
2000/6/8,5.75,1461.67,34.29,48.04,24.17
2000/6/9,5.75,1456.95,34.29,47.1,24.6
2000/6/12,5.67,1446,33.33,47.1,24.73
2000/6/13,5.72,1469.44,33.83,48.34,24.63
2000/6/14,5.66,1470.54,35.14,48.16,23.8
2000/6/15,5.65,1478.73,36.07,48.99,22.69
2000/6/16,5.64,1464.46,36.16,48.28,22.2
2000/6/19,5.64,1486,36.73,47.45,22.01
2000/6/20,5.62,1475.95,37.35,48.16,21.21
2000/6/21,5.64,1479.13,40.22,46.68,21.55
2000/6/22,5.66,1452.18,39.81,46.03,21.89
2000/6/23,5.69,1441.48,38.72,47.1,21.92
2000/6/26,5.65,1455.31,39.62,47.15,21.15
2000/6/27,5.65,1450.55,39.28,46.5,21.15
2000/6/28,5.64,1454.82,39.34,47.73,21.7
2000/6/29,5.67,1442.39,38.47,46.98,22.21
2000/6/30,5.7,1454.6,39.87,50.04,22.08
2000/7/3,5.87,1469.54,39.87,49.1,22.57
2000/7/5,5.81,1446.23,39.12,47.28,23.01
2000/7/6,5.84,1456.67,40.34,47.52,23.78
2000/7/7,5.85,1478.9,40.87,48.58,23.75
2000/7/10,5.88,1475.62,39.59,49.65,24.01
2000/7/11,5.92,1480.88,39.43,49.47,24.55
2000/7/12,5.99,1492.92,40.03,50.89,24.81
2000/7/13,5.98,1495.84,39.84,49.7,24.75
2000/7/14,5.97,1509.98,39.34,48.76,24.4
2000/7/17,5.96,1510.49,38.97,50.83,23.8
2000/7/18,5.97,1493.74,39.12,49.47,24.11
2000/7/19,5.98,1481.96,36.44,49.94,24.36
2000/7/20,6,1495.57,37.29,51.42,24.33
2000/7/21,5.94,1480.19,36.04,51.25,24.33
2000/7/24,5.97,1464.29,35.17,51.12,24.3
2000/7/25,6.01,1474.47,34.39,50.71,24.56
2000/7/26,5.99,1452.42,33.8,49.35,24.27
2000/7/27,6.02,1449.62,34.57,49.7,24.4
2000/7/28,6,1419.89,34.73,48.23,23.94
2000/7/31,6.02,1430.83,34.79,48.94,24.17
2000/8/1,6.06,1438.1,34.23,49.94,24.33
2000/8/2,6.05,1438.7,34.57,49.23,24.17
2000/8/3,6.04,1452.56,35.01,50.06,26.54
2000/8/4,6.04,1462.93,34.45,50.54,26.42
2000/8/7,6.04,1479.32,34.89,49.83,26.48
2000/8/8,6.07,1482.8,36.94,50.89,26.77
2000/8/9,6.05,1472.87,37.01,52.96,26.77
2000/8/10,6.06,1460.25,36.19,53.96,26.77
2000/8/11,6.09,1471.84,36.1,53.55,26.42
2000/8/14,6.08,1491.56,35.98,53.96,26.31
2000/8/15,6.08,1484.43,35.7,54.2,25.8
2000/8/16,6.08,1479.85,35.39,53.78,25.69
2000/8/17,6.07,1496.07,35.67,53.67,24.55
2000/8/18,6.07,1491.72,35.39,53.2,25.18
2000/8/21,6.08,1499.48,35.2,53.55,24.72
2000/8/22,6.08,1498.13,35.51,53.25,25.4
2000/8/23,6.09,1505.97,35.26,54.85,24.83
2000/8/24,6.09,1508.31,35.45,55.8,25.18
2000/8/25,6.11,1506.45,35.2,56.09,25.06
2000/8/28,6.13,1514.09,35.54,56.8,23.76
2000/8/29,6.12,1509.84,35.36,56.69,22.91
2000/8/30,6.12,1502.59,34.89,54.44,23.47
2000/8/31,6.11,1517.68,34.79,55.51,21.95
2000/9/1,6.08,1520.77,34.98,55.38,22.68
2000/9/5,6.06,1507.08,34.95,54.73,24.9
2000/9/6,6.01,1492.25,34.61,55.86,23.64
2000/9/7,6,1502.51,34.92,55.86,23.47
2000/9/8,5.96,1494.5,34.54,56.69,23.87
2000/9/11,5.94,1489.26,34.29,56.51,23.59
2000/9/12,5.91,1481.99,33.95,55.91,22.74
2000/9/13,5.91,1484.91,34.02,55.91,22.96
2000/9/14,5.95,1480.87,32.8,55.86,23.47
2000/9/15,5.96,1465.81,31.99,53.73,23.47
2000/9/18,5.95,1444.51,31.4,54.44,23.59
2000/9/19,5.97,1459.9,32.4,53.96,23.36
2000/9/20,5.97,1451.34,32.02,53.61,22.74
2000/9/21,5.96,1449.05,31.99,53.25,21.43
2000/9/22,5.97,1448.72,31.52,54.26,23.25
2000/9/25,5.98,1439.03,30.53,54.97,23.08
2000/9/26,5.98,1427.21,31.24,54.91,22.11
2000/9/27,6.01,1426.57,30.22,56.27,22.46
2000/9/28,6.05,1458.29,30.56,55.86,22.74
2000/9/29,6.03,1436.51,30.06,54.86,23.14
2000/10/2,6.01,1436.23,29.47,55.51,23.64
2000/10/3,6.05,1426.46,28.19,56.04,23.25
2000/10/4,6.04,1434.32,27.63,55.87,23.93
2000/10/5,6.05,1436.28,27.6,56.7,23.54
2000/10/6,6.05,1408.99,27.69,56.4,22.96
2000/10/9,6.05,1402.03,27.01,55.51,23.47
2000/10/10,6.04,1387.02,27.19,55.09,22.79
2000/10/11,6.04,1364.59,27.79,53.74,21.88
2000/10/12,6,1329.78,27.1,51.72,21.2
2000/10/13,6,1374.17,26.79,54.09,23.02
2000/10/16,6.04,1374.62,25.11,54.8,22.34
2000/10/17,6.09,1349.97,25.14,52.79,22.17
2000/10/18,6.12,1342.13,25.79,52.67,22.74
2000/10/19,6.12,1388.76,30.84,52.79,23.25
2000/10/20,6.12,1396.93,32.49,49.47,22.74
2000/10/23,6.15,1395.78,30.97,47.21,22.86
2000/10/24,6.16,1398.13,30.65,50.65,23.42
2000/10/25,6.18,1364.9,30.53,50.24,22.79
2000/10/26,6.16,1364.44,32.12,49.47,22.79
2000/10/27,6.15,1379.58,33.74,49.58,23.19
2000/10/30,6.18,1398.66,34.42,51.24,24.33
2000/10/31,6.15,1429.4,34.32,52.01,23.98
2000/11/1,6.17,1421.22,34.7,51.66,23.7
2000/11/2,6.17,1428.32,35.04,50.95,23.93
2000/11/3,6.19,1426.69,34.02,50.59,23.24
2000/11/6,6.22,1432.19,34.64,51.72,24.27
2000/11/7,6.22,1431.87,35.14,52.13,22.95
2000/11/8,6.21,1409.28,34.61,51.77,22.78
2000/11/9,6.18,1400.14,35.32,51.77,23.36
2000/11/10,6.17,1365.98,33.58,51.13,23.01
2000/11/13,6.17,1351.26,33.11,48.81,23.24
2000/11/14,6.15,1382.95,34.29,50.06,23.24
2000/11/15,6.17,1389.81,34.92,49.82,24.1
2000/11/16,6.15,1372.32,34.36,49.94,22.95
2000/11/17,6.15,1367.72,34.42,49.23,22.9
2000/11/20,6.16,1342.62,33.49,47.5,21.58
2000/11/21,6.17,1347.35,33.77,48.16,22.37
2000/11/22,6.17,1322.36,34.02,46.08,21.86
2000/11/24,6.17,1341.77,34.86,46.86,22.09
2000/11/27,6.13,1348.97,35.23,46.62,22.55
2000/11/28,6.1,1336.09,33.39,47.27,22.14
2000/11/29,6.05,1341.93,32.43,47.15,22.44
2000/11/30,6.01,1314.95,28.6,47.03,20.89
2000/12/1,6.04,1315.23,28.22,48.4,22.21
2000/12/4,5.98,1324.97,28.13,48.99,21.86
2000/12/5,5.9,1376.54,29.84,51.37,22.72
2000/12/6,5.9,1351.46,28.25,51.19,21.91
2000/12/7,5.92,1343.55,26.48,50.77,22.03
2000/12/8,5.9,1369.89,27.13,52.37,22.14
2000/12/11,5.89,1380.2,28.94,52.49,21.91
2000/12/12,5.89,1371.18,29.1,50.11,21.69
2000/12/13,5.43,1359.99,28.53,50.29,21.69
2000/12/14,5.87,1340.93,27.66,48.81,21.35
2000/12/15,5.83,1312.15,24.52,47.27,20.66
2000/12/18,5.78,1322.74,23.83,48.4,21.58
2000/12/19,5.75,1305.6,22.33,47.57,21.63
2000/12/20,5.67,1264.74,20.68,45.02,20.31
2000/12/21,5.22,1274.86,21.65,45.43,22.21
2000/12/22,5.12,1305.95,23.15,46.38,20.94
2000/12/26,5.59,1315.19,23.36,46.79,22.03
2000/12/27,5.6,1328.92,23.15,45.88,21.63
2000/12/28,5.7,1334.22,22.21,46.12,22.26
2000/12/29,5.73,1320.28,21.62,45.64,21.52
2001/1/2,5.68,1283.27,21.62,41.65,22.32
2001/1/3,5.53,1347.56,23.89,45.52,23.06
2001/1/4,5.24,1333.34,24.14,45.75,24.73
2001/1/5,4.97,1298.35,24.49,45.04,24.1
2001/1/8,5.05,1295.86,24.39,43.37,23.52
2001/1/9,5.09,1300.8,25.82,42.49,24.27
2001/1/10,5.14,1313.27,26.36,42.55,24.1
2001/1/11,5.16,1326.82,27.41,44.33,24.73
2001/1/12,5.13,1318.55,26.66,43.5,24.21
2001/1/16,5.21,1326.65,26.2,45.11,24.9
2001/1/17,5.22,1329.47,26.39,44.45,24.67
2001/1/18,5.14,1347.97,27.66,45.34,24.96
2001/1/19,5.09,1342.54,30.4,44.74,24.15
2001/1/22,5.1,1342.9,29.97,43.55,24.9
2001/1/23,5.09,1360.4,30.18,44.45,24.79
2001/1/24,5.13,1364.3,31.37,44.09,25.48
2001/1/25,5.12,1357.51,30.81,43.74,25.76
2001/1/26,5.03,1354.95,31.9,42.49,25.98
2001/1/29,4.98,1364.17,32.15,42.25,26.25
2001/1/30,4.88,1373.73,31.59,44.03,26.26
2001/1/31,4.84,1366.01,30.43,43.77,26.16
2001/2/1,4.85,1373.47,31.09,44.01,26.33
2001/2/2,4.92,1349.47,30.31,44.06,25.99
2001/2/5,4.95,1354.31,30.87,45.55,26.4
2001/2/6,4.93,1352.26,31.18,45.32,26.67
2001/2/7,4.93,1340.89,32.24,44.7,25.3
2001/2/8,4.94,1332.53,31.03,44.88,25.99
2001/2/9,4.91,1314.76,29.47,43.47,24.98
2001/2/12,4.92,1330.31,29.28,45.23,25.8
2001/2/13,4.91,1318.8,29,44.9,25.91
2001/2/14,4.93,1315.92,29.1,44.04,25.85
2001/2/15,4.94,1326.61,29.31,45.68,25.98
2001/2/16,4.88,1301.53,28.56,44.74,25.61
2001/2/20,4.91,1278.94,27.85,45.4,25.72
2001/2/21,4.88,1255.27,28.03,45.03,25.69
2001/2/22,4.87,1252.82,27.51,44.84,25.53
2001/2/23,4.75,1245.86,28.28,43.96,26.31
2001/2/26,4.7,1267.65,29.68,45.68,26.54
2001/2/27,4.68,1257.94,29.59,45.7,26.38
2001/2/28,4.72,1239.94,29.41,44.27,25.81
2001/3/1,4.7,1241.23,29.58,43.71,26.18
2001/3/2,4.71,1234.18,28.25,42.43,26.04
2001/3/5,4.72,1241.41,28.63,43.07,26.26
2001/3/6,4.65,1253.8,29.62,43.4,26.95
2001/3/7,4.56,1261.89,30.25,43.93,26.99
2001/3/8,4.55,1264.74,29.53,43.83,28.17
2001/3/9,4.6,1233.42,28.25,41.86,27.93
2001/3/12,4.54,1180.16,25.89,37.84,28.07
2001/3/13,4.51,1197.66,27.01,40.44,27.69
2001/3/14,4.42,1166.71,26.91,39.2,26.62
2001/3/15,4.38,1173.56,26.76,39.25,26.54
2001/3/16,4.41,1150.53,27.19,38.79,26.38
2001/3/19,4.44,1170.81,27.07,39.27,27.66
2001/3/20,4.38,1142.62,26.26,38.27,26.75
2001/3/21,4.19,1122.14,24.95,37.26,26.22
2001/3/22,4.15,1117.58,26.91,36.02,25.81
2001/3/23,4.17,1139.83,28.19,38.21,25.89
2001/3/26,4.15,1152.69,27.94,38.44,26.9
2001/3/27,4.24,1182.17,29.03,40.04,26.1
2001/3/28,4.23,1153.29,27.69,39.7,25.93
2001/3/29,4.22,1147.95,27.6,39.56,26.44
2001/3/30,4.18,1160.33,27.26,40,26.1
2001/4/2,4.15,1145.87,27.82,39.94,26.55
2001/4/3,4.04,1106.46,26.6,37.91,25.4
2001/4/4,4,1103.25,25.89,37.84,26.51
2001/4/5,3.99,1151.44,28.28,40.22,26.31
2001/4/6,3.84,1128.43,28,39.34,25.8
2001/4/9,3.83,1137.59,28.48,40.13,26.91
2001/4/10,3.83,1168.38,29.74,41.88,26.88
2001/4/11,3.98,1165.89,29.92,41.34,26.15
2001/4/12,3.9,1183.5,30.99,42.71,26.91
2001/4/16,4.03,1179.68,30.3,42.66,27.08
2001/4/17,4,1191.81,30.64,43.43,26.8
2001/4/18,3.8,1238.16,32.61,45.76,28.5
2001/4/19,3.76,1253.69,33.91,46.35,28.12
2001/4/20,3.67,1242.98,34.39,45.96,27.84
2001/4/23,3.63,1224.36,34.02,45.1,27.9
2001/4/24,3.69,1209.47,33.67,43.94,27.53
2001/4/25,3.74,1228.75,34.73,45.68,26.73
2001/4/26,3.73,1234.52,34.45,47.1,27.1
2001/4/27,3.74,1253.05,33.45,47.72,27.48
2001/4/30,3.83,1249.46,33.77,46.37,27.64
2001/5/1,3.81,1266.44,34.97,46.73,26.53
2001/5/2,3.79,1267.43,34.77,46.91,27.42
2001/5/3,3.75,1248.58,34.16,46.34,26.91
2001/5/4,3.64,1266.61,35.26,47.71,27.26
2001/5/7,3.62,1263.51,35.58,47.73,26.67
2001/5/8,3.59,1261.2,35.91,47.28,26.4
2001/5/9,3.63,1255.54,35.09,47.23,26.33
2001/5/10,3.62,1255.18,34.89,47.61,26.64
2001/5/11,3.68,1245.67,34.59,46.83,26.08
2001/5/14,3.61,1248.92,34.25,47.51,26.06
2001/5/15,3.54,1249.44,34.03,47.92,26.21
2001/5/16,3.48,1284.99,34.47,49.88,26.33
2001/5/17,3.48,1288.49,33.98,49.79,25.84
2001/5/18,3.51,1291.96,33.94,50.63,25.43
2001/5/21,3.54,1312.83,34.28,51.02,24.98
2001/5/22,3.56,1309.38,35.04,50.33,24.36
2001/5/23,3.56,1289.05,34.74,49.06,24.18
2001/5/24,3.6,1293.17,35.75,49.11,24.05
2001/5/25,3.57,1277.89,35.34,47.72,23.19
2001/5/29,3.6,1267.93,35.06,47.46,23.43
2001/5/30,3.59,1248.08,34.48,46.84,23.06
2001/5/31,3.54,1255.82,34.48,46.82,22.83
2001/6/1,3.54,1260.67,35.06,46.82,23.05
2001/6/4,3.59,1267.11,35.28,47.25,23.05
2001/6/5,3.53,1283.57,36.18,46.99,22.71
2001/6/6,3.53,1270.03,36.06,46.58,22.71
2001/6/7,3.52,1276.96,36.72,46.73,22.63
2001/6/8,3.53,1264.96,36.48,46,22.5
2001/6/11,3.51,1254.39,35.94,45.29,23.28
2001/6/12,3.47,1255.85,35.92,46.6,23.12
2001/6/13,3.46,1241.6,35.23,45.72,23.04
2001/6/14,3.44,1219.87,34.34,46.68,22.95
2001/6/15,3.43,1214.36,33.9,46.64,22.58
2001/6/18,3.4,1208.43,33.33,46.82,23.44
2001/6/19,3.41,1212.58,33.55,46.69,23.19
2001/6/20,3.41,1223.14,34.59,48.51,23.11
2001/6/21,3.42,1237.04,34.81,48.97,24.28
2001/6/22,3.36,1225.35,34.3,49.55,23.62
2001/6/25,3.36,1218.6,34.31,48.01,23.51
2001/6/26,3.41,1216.76,34.96,46.62,23.24
2001/6/27,3.41,1211.07,35.46,46.11,22.75
2001/6/28,3.55,1226.2,36.25,46.69,23.26
2001/6/29,3.56,1224.38,36.38,46.82,23.02
2001/7/2,3.56,1236.72,35.19,47.96,23.52
2001/7/3,3.57,1234.45,35.12,47.3,23.48
2001/7/5,3.56,1219.24,34.15,46.46,23.47
2001/7/6,3.52,1190.59,32.92,44.95,22.76
2001/7/9,3.55,1198.78,32.74,44.91,22.85
2001/7/10,3.53,1181.52,32.14,43.86,23.2
2001/7/11,3.49,1180.18,33.14,42.76,23.74
2001/7/12,3.51,1208.14,35.69,45.05,23.68
2001/7/13,3.52,1215.68,35.56,45.48,24
2001/7/16,3.54,1202.45,35.48,44.3,23.44
2001/7/17,3.51,1214.44,35.79,44.2,24.11
2001/7/18,3.44,1207.71,35.17,44.24,23.76
2001/7/19,3.45,1215.02,36.17,44.55,24.04
2001/7/20,3.44,1210.85,34.48,44.7,24.15
2001/7/23,3.46,1191.03,33.44,43.42,23.93
2001/7/24,3.47,1171.65,33.05,42.18,23.65
2001/7/25,3.46,1190.49,33.63,41.98,23.91
2001/7/26,3.48,1202.93,33.19,41.94,23.52
2001/7/27,3.46,1205.82,32.63,42.8,23.68
2001/7/30,3.47,1204.52,32.79,41.79,23.59
2001/7/31,3.44,1211.23,32.99,41.7,23.88
2001/8/1,3.43,1215.93,33.13,41.03,23.75
2001/8/2,3.43,1220.75,33.62,40.45,23.83
2001/8/3,3.43,1214.35,33.34,40.98,23.67
2001/8/6,3.43,1200.48,32.96,39.67,23.38
2001/8/7,3.42,1204.4,33.07,41,23.48
2001/8/8,3.4,1183.53,32.33,39.92,23.12
2001/8/9,3.37,1183.43,32.4,40.16,23.12
2001/8/10,3.35,1190.16,32.65,40.81,23.5
2001/8/13,3.35,1191.29,32.81,40.48,22.52
2001/8/14,3.35,1186.73,32.24,40.12,21.81
2001/8/15,3.34,1178.02,31.5,40.05,21.39
2001/8/16,3.31,1181.66,32.21,39.88,22.27
2001/8/17,3.29,1161.97,30.84,39.11,20.59
2001/8/20,3.34,1171.41,31.25,39.81,19.35
2001/8/21,3.3,1157.26,30.29,38.79,19.07
2001/8/22,3.3,1165.31,30.23,39.16,19.27
2001/8/23,3.31,1162.09,29.47,39.34,19.05
2001/8/24,3.33,1184.93,30.93,40.25,19.34
2001/8/27,3.35,1179.21,31.06,40.42,19.21
2001/8/28,3.33,1161.51,30.27,39.52,19.28
2001/8/29,3.33,1148.56,30.03,38.93,19.15
2001/8/30,3.28,1129.03,28.38,38.53,18.75
2001/8/31,3.28,1133.58,28.43,39.2,18.85
2001/9/4,3.36,1132.94,27.96,39.14,19.21
2001/9/5,3.32,1131.74,28.78,39.97,18.95
2001/9/6,3.27,1106.4,27.92,38.82,18.4
2001/9/7,3.18,1085.78,27.61,38.02,17.8
2001/9/10,3.18,1092.54,28.7,37.72,18.4
2001/9/17,2.61,1038.77,26.37,33.69,15.7
2001/9/18,2.45,1032.74,27.07,32.45,16.06
2001/9/19,2.41,1016.1,26.85,31.15,15.59
2001/9/20,2.21,984.54,25.3,29.11,14.69
2001/9/21,2.2,965.8,24.78,30,14.55
2001/9/24,2.32,1003.45,25.92,33.74,15.59
2001/9/25,2.34,1012.27,25.57,34.03,15.29
2001/9/26,2.34,1007.04,25.05,34.16,15.54
2001/9/27,2.33,1018.61,24.9,34.62,15.71
2001/9/28,2.3,1040.94,25.5,35.82,16.46
2001/10/1,2.3,1038.55,25.81,36.24,16.36
2001/10/2,2.27,1051.33,26.44,36.64,16.89
2001/10/3,2.18,1072.28,28.02,36.73,17.03
2001/10/4,2.17,1069.63,28.13,36,16.36
2001/10/5,2.15,1071.38,28.77,36.06,16.76
2001/10/8,2.15,1062.44,28.93,35.43,16.4
2001/10/9,2.17,1056.75,27.19,35.45,16.65
2001/10/10,2.18,1080.99,27.67,36.5,17.2
2001/10/11,2.22,1097.43,28.07,37.5,17.08
2001/10/12,2.19,1091.65,28.1,37.55,16.82
2001/10/15,2.21,1089.98,28.94,37.42,16.82
2001/10/16,2.16,1097.54,29.13,37.04,16.77
2001/10/17,2.17,1077.09,27.93,35.77,16.25
2001/10/18,2.15,1068.61,28.28,35.87,15.91
2001/10/19,2.15,1073.48,28.86,35.87,15.66
2001/10/22,2.18,1089.9,29.98,36.21,15.7
2001/10/23,2.15,1084.78,30.12,35.89,16
2001/10/24,2.12,1085.2,30.56,35.7,15.24
2001/10/25,2.1,1100.09,31.18,36.46,15.67
2001/10/26,2.1,1104.61,31,37.44,15.81
2001/10/29,2.06,1078.3,29.72,36.04,15.38
2001/10/30,1.99,1059.79,29.35,34.99,15.23
2001/10/31,2.01,1059.78,28.98,35.06,15.37
2001/11/1,2.01,1084.1,30.82,36.5,15.68
2001/11/2,1.95,1087.2,30.6,36.55,15.6
2001/11/5,1.97,1102.84,31.53,37.33,15.49
2001/11/6,1.82,1118.86,32.29,38.32,15.69
2001/11/7,1.76,1115.8,32.02,37.89,15.59
2001/11/8,1.81,1118.54,32.11,38.85,16.06
2001/11/9,1.8,1120.31,32.5,38.91,15.76
2001/11/12,1.8,1118.33,32.79,37.97,15.52
2001/11/13,1.8,1139.09,33.84,39.05,15.73
2001/11/14,1.84,1141.21,32.87,39.36,15.65
2001/11/15,1.87,1142.24,32.95,40.01,16.06
2001/11/16,1.89,1138.65,32.77,39.33,16.33
2001/11/19,1.9,1151.06,33.16,39.72,16.81
2001/11/20,1.9,1142.66,32.6,39.57,16.55
2001/11/21,1.91,1137.03,31.92,38.95,16.4
2001/11/23,1.93,1150.34,32.25,39.5,17.12
2001/11/26,1.94,1157.42,32.47,39.79,17.79
2001/11/27,1.86,1149.5,31.77,39.55,17.51
2001/11/28,1.83,1128.52,31.3,37.89,17.15
2001/11/29,1.76,1140.2,32.32,38.26,17.49
2001/11/30,1.73,1139.45,32,37.07,18.14
2001/12/3,1.74,1129.9,32.28,35.55,17.05
2001/12/4,1.71,1144.8,32.89,35.96,16.99
2001/12/5,1.73,1170.35,33.94,36.16,16.08
2001/12/6,1.71,1167.1,34.22,36.35,16.62
2001/12/7,1.65,1158.31,33.81,35.77,16.4
2001/12/10,1.68,1139.93,33.42,35.43,15.95
2001/12/11,1.61,1136.76,33.55,35.42,15.95
2001/12/12,1.64,1137.07,33.87,35.67,15.94
2001/12/13,1.66,1119.38,33.03,35.67,15.48
2001/12/14,1.68,1123.09,33.61,36.25,15.42
2001/12/17,1.71,1134.36,34.38,36.88,14.36
2001/12/18,1.68,1142.92,34.52,38.25,14.44
2001/12/19,1.67,1149.56,34.63,39.27,14.3
2001/12/20,1.64,1139.93,33.27,39.32,14.6
2001/12/21,1.66,1144.89,33.66,39.82,14.8
2001/12/24,1.69,1144.65,33.53,39.66,14.68
2001/12/26,1.71,1149.37,33.73,39.04,14.75
2001/12/27,1.7,1157.13,33.82,39.61,15.07
2001/12/28,1.68,1161.02,33.83,39.39,15.27
2001/12/31,1.67,1148.08,33.02,38.76,15.05
2002/1/2,1.7,1154.67,33.41,39.61,15.53
2002/1/3,1.69,1165.27,34.5,39.28,16.02
2002/1/4,1.68,1172.51,34.34,39.61,16.22
2002/1/7,1.66,1164.89,34.17,38.07,15.8
2002/1/8,1.65,1160.71,34.58,37.67,15.86
2002/1/9,1.65,1155.14,34.24,37.28,15.62
2002/1/10,1.65,1156.55,34.53,37.34,14.64
2002/1/11,1.59,1145.6,34.19,36.98,14.84
2002/1/14,1.54,1138.41,34.13,36.66,14.7
2002/1/15,1.56,1146.19,34.66,37.44,14.4
2002/1/16,1.57,1127.57,33.83,36.48,14.33
2002/1/17,1.6,1138.88,34.82,37.48,14.08
2002/1/18,1.58,1127.58,32.94,37.41,13.89
2002/1/22,1.64,1119.31,32.13,37.04,13.82
2002/1/23,1.67,1128.18,31.77,36.41,13.92
2002/1/24,1.67,1132.15,32.2,36.32,13.84
2002/1/25,1.68,1133.28,31.8,37,13.99
2002/1/28,1.69,1133.06,31.81,36.9,14.52
2002/1/29,1.7,1100.64,31.06,35.26,14.39
2002/1/30,1.69,1113.57,31.32,35.67,14.34
2002/1/31,1.72,1130.2,31.75,35.93,14.75
2002/2/1,1.71,1122.2,31.23,35.64,14.37
2002/2/4,1.72,1094.44,30.46,33.85,14.11
2002/2/5,1.72,1090.02,30.48,35.02,13.54
2002/2/6,1.7,1083.51,30.1,35.75,13.6
2002/2/7,1.69,1080.17,29.8,35.98,14.01
2002/2/8,1.67,1096.22,30.23,36.03,13.87
2002/2/11,1.7,1111.94,30.47,36.56,13.79
2002/2/12,1.71,1107.5,29.97,36.27,13.83
2002/2/13,1.71,1118.51,30.81,36.85,14.45
2002/2/14,1.71,1116.48,30.74,36.75,14.17
2002/2/15,1.7,1104.18,30.02,35.89,14.1
2002/2/19,1.7,1083.34,29.37,35.21,13.77
2002/2/20,1.72,1097.98,29.85,36.34,13.98
2002/2/21,1.72,1080.95,28.93,36.29,14.15
2002/2/22,1.72,1089.84,28.9,36.84,14.06
2002/2/25,1.73,1109.43,29.45,37.91,14.69
2002/2/26,1.73,1109.38,29.18,37.48,14.99
2002/2/27,1.73,1109.89,29.1,37.65,14.75
2002/2/28,1.72,1106.73,29.08,37.41,14.35
2002/3/1,1.75,1131.78,30.59,38.33,15.08
2002/3/4,1.75,1153.84,31.55,39.06,15.59
2002/3/5,1.75,1146.14,31.44,39.35,15.18
2002/3/6,1.74,1162.77,31.71,40.37,15.77
2002/3/7,1.75,1157.54,31.26,39.79,16.31
2002/3/8,1.77,1164.31,31.87,39.45,16.21
2002/3/11,1.79,1168.26,32.07,39.99,16.58
2002/3/12,1.8,1165.58,31.17,39.94,16.4
2002/3/13,1.79,1154.09,30.95,38.87,16.5
2002/3/14,1.81,1153.04,30.51,39.27,16.31
2002/3/15,1.82,1166.16,31.14,39.05,16.32
2002/3/18,1.82,1165.55,30.97,38.77,16.46
2002/3/19,1.8,1170.29,31.02,38.77,16.57
2002/3/20,1.81,1151.85,29.95,37.7,15.91
2002/3/21,1.81,1153.59,30.58,36.39,16.1
2002/3/22,1.8,1148.7,30.13,36.8,16.07
2002/3/25,1.78,1131.87,29.52,35.99,15.48
2002/3/26,1.79,1138.49,29.45,36.25,15.51
2002/3/27,1.78,1144.58,29.62,36.39,15.52
2002/3/28,1.74,1147.39,30.06,36.34,15.9
2002/4/1,1.76,1146.54,30.09,36.24,15.17
2002/4/2,1.76,1136.76,28.55,36.05,14.82
2002/4/3,1.75,1125.4,28.07,35.71,14.52
2002/4/4,1.74,1126.34,28.13,36.24,14.6
2002/4/5,1.72,1122.73,27.85,36.05,14.51
2002/4/8,1.71,1125.29,28.52,35.82,14.57
2002/4/9,1.69,1117.8,27.35,35.42,14.49
2002/4/10,1.67,1130.47,28.06,36.15,15.04
2002/4/11,1.67,1103.69,27.31,32.79,14.37
2002/4/12,1.67,1111.01,27.88,32.6,14.79
2002/4/15,1.67,1102.55,27.76,30.95,14.52
2002/4/16,1.7,1128.37,28.81,32.16,15.29
2002/4/17,1.69,1126.07,28.22,32.7,15.6
2002/4/18,1.67,1124.47,28.09,32.84,15.3
2002/4/19,1.7,1125.17,28.51,32.75,15.77
2002/4/22,1.68,1107.83,27.71,31.93,15.48
2002/4/23,1.7,1100.96,26.91,31.87,15.86
2002/4/24,1.68,1093.14,26.42,31.58,15.64
2002/4/25,1.7,1091.48,26.78,31.14,15.74
2002/4/26,1.7,1076.32,25.67,30.61,15.72
2002/4/29,1.72,1065.45,26.04,29.98,15.29
2002/4/30,1.73,1076.92,26.05,30.66,15.43
2002/5/1,1.72,1086.46,26.29,30.8,15.85
2002/5/2,1.73,1084.56,25.52,30.71,15.62
2002/5/3,1.72,1073.43,24.7,30.8,15.61
2002/5/6,1.73,1052.67,24.23,30.09,15.46
2002/5/7,1.71,1049.49,24.66,29.78,15.18
2002/5/8,1.73,1088.85,27.4,31.92,15.52
2002/5/9,1.73,1073.01,25.98,30.6,15.47
2002/5/10,1.73,1054.99,24.94,29.78,15.36
2002/5/13,1.73,1074.56,26.26,29.98,15.71
2002/5/14,1.74,1097.28,27.35,30.69,16
2002/5/15,1.73,1091.07,27.29,30.05,16.15
2002/5/16,1.74,1098.23,27.78,31.09,16.09
2002/5/17,1.72,1106.59,27.93,32.5,16.22
2002/5/20,1.71,1091.88,26.92,31.68,16.23
2002/5/21,1.7,1079.88,26.01,31.24,17.06
2002/5/22,1.7,1086.02,26.76,31.02,17.65
2002/5/23,1.7,1097.08,27.32,32.02,17.54
2002/5/24,1.71,1083.82,26.54,31.68,17.21
2002/5/28,1.72,1074.55,26.08,31.14,17.07
2002/5/29,1.72,1067.66,25.94,30.51,17.2
2002/5/30,1.71,1060.11,26.24,30.32,17.07
2002/5/31,1.71,1067.14,25.37,30.26,17.13
2002/6/3,1.72,1040.68,24.63,29.26,16.8
2002/6/4,1.72,1040.69,24.91,29.2,16.42
2002/6/5,1.72,1049.9,25.75,29.3,16.45
2002/6/6,1.71,1029.15,25.87,28.47,16.25
2002/6/7,1.71,1027.53,25.91,29.35,16.06
2002/6/10,1.71,1030.74,26.33,29.1,16.29
2002/6/11,1.71,1013.6,26.2,28.57,16.32
2002/6/12,1.7,1020.26,27.68,29.49,16.18
2002/6/13,1.68,1009.56,27.02,29,15.99
2002/6/14,1.67,1007.27,27.54,28.86,15.42
2002/6/17,1.69,1036.17,27.75,29.65,15.87
2002/6/18,1.69,1037.14,27.91,30.27,16.42
2002/6/19,1.67,1019.99,27.09,29.49,15.99
2002/6/20,1.69,1006.29,26.96,28.86,15.26
2002/6/21,1.68,989.14,26.06,28.13,15.06
2002/6/24,1.69,992.72,26.99,28.76,15.38
2002/6/25,1.69,976.14,26.39,28.08,15.57
2002/6/26,1.66,973.53,26.98,28.84,15.28
2002/6/28,1.66,989.82,27.26,28.4,15.52
2002/7/1,1.68,968.65,26.25,27.82,15.06
2002/7/2,1.68,948.09,25.64,27.48,15.29
2002/7/3,1.68,953.99,25.84,27.28,14.85
2002/7/5,1.68,989.03,27.34,29.03,15.22
2002/7/8,1.69,976.98,26.38,28.78,14.7
2002/7/9,1.68,952.83,26.52,27.67,14.66
2002/7/10,1.69,920.47,26.04,26.45,13.57
2002/7/11,1.68,927.37,26.37,26.74,12.79
2002/7/12,1.67,921.39,25.85,27.96,12.24
2002/7/15,1.67,917.93,25.82,27.62,12.42
2002/7/16,1.67,900.94,25.54,26.94,12.13
2002/7/17,1.69,906.04,25.92,27.62,12.15
2002/7/18,1.69,881.56,25.47,27.08,12.43
2002/7/19,1.67,847.75,24.7,25.93,12.02
2002/7/22,1.67,819.85,23.68,25.09,11.91
2002/7/23,1.66,797.7,21.44,24.25,11.74
2002/7/24,1.64,843.43,23.04,25.94,12.26
2002/7/25,1.66,838.68,21.35,26.06,12.19
2002/7/26,1.65,852.84,22.6,27.18,12.23
2002/7/29,1.68,898.96,24.05,29.77,12.74
2002/7/30,1.68,902.78,23.97,30.9,12.81
2002/7/31,1.66,911.62,23.91,31.48,13.17
2002/8/1,1.64,884.66,22.8,30.7,12.76
2002/8/2,1.59,864.24,22.13,28.84,12.17
2002/8/5,1.6,834.6,21.92,27.67,11.5
2002/8/6,1.61,859.57,22.76,28.99,11.89
2002/8/7,1.56,876.77,23.47,30.07,12.01
2002/8/8,1.58,905.46,24.38,31.24,11.65
2002/8/9,1.58,908.64,23.98,31.68,11.58
2002/8/12,1.63,903.8,24.16,31.53,11.38
2002/8/13,1.6,884.21,23.45,30.26,11.18
2002/8/14,1.6,919.62,24.78,31.19,11.1
2002/8/16,1.59,928.77,24.92,30.85,11.14
2002/8/19,1.62,950.7,25.92,32.16,11.86
2002/8/20,1.58,937.43,25.44,31.53,11.64
2002/8/21,1.6,949.36,26.06,31.58,11.73
2002/8/22,1.61,962.7,26.53,31.97,11.9
2002/8/23,1.62,940.86,26.03,31.53,11.52
2002/8/26,1.62,947.95,25.97,31.36,11.81
2002/8/27,1.64,934.82,25.34,31.24,11.62
2002/8/28,1.64,917.87,24.61,30.6,11.37
2002/8/29,1.64,917.8,25.21,29.68,11.37
2002/8/30,1.64,916.07,24.46,29.48,11.51
2002/9/3,1.61,878.02,23.43,27.83,10.7
2002/9/4,1.59,893.4,24.03,28.06,10.8
2002/9/5,1.58,879.15,22.88,27.38,10.45
2002/9/6,1.62,893.92,23.83,27.67,9.97
2002/9/9,1.64,902.96,24.27,28.14,10.56
2002/9/10,1.63,909.58,24.82,28.43,10.66
2002/9/11,1.65,909.45,24.21,28.36,10.91
2002/9/12,1.65,886.91,23.5,27.38,10.65
2002/9/13,1.65,889.81,23.88,26.45,10.41
2002/9/17,1.66,873.52,23.57,27.08,10.24
2002/9/18,1.64,869.46,23.8,26.74,10.03
2002/9/19,1.62,843.32,23.52,25.96,9.65
2002/9/20,1.61,845.39,23.65,26.16,9.55
2002/9/23,1.62,833.7,22.54,25.81,9.44
2002/9/24,1.61,819.29,22.75,25.32,9.13
2002/9/25,1.62,839.66,23.18,26.58,9.75
2002/9/26,1.62,854.95,23.03,25.98,9.88
2002/9/27,1.6,827.37,22.55,24.09,9.42
2002/9/30,1.53,815.28,21.8,24.27,9.58
2002/10/1,1.55,847.91,23.04,25.8,9.68
2002/10/2,1.54,827.91,22.73,24.42,9.12
2002/10/3,1.53,818.95,22.33,24.24,8.96
2002/10/4,1.57,800.58,21.81,23.64,8.47
2002/10/7,1.58,785.28,21.95,22.6,8.31
2002/10/8,1.57,798.55,22.42,22.99,7.58
2002/10/9,1.53,776.76,21.92,21.66,6.99
2002/10/10,1.54,803.92,23.12,22.25,7.43
2002/10/11,1.55,835.32,24.36,23.84,8.13
2002/10/14,1.54,841.44,24.57,23.98,7.75
2002/10/15,1.62,881.27,26.06,25.8,8.67
2002/10/16,1.62,860.02,25.12,25.21,8.08
2002/10/17,1.63,879.2,25.3,26.48,8.3
2002/10/18,1.63,884.39,26.49,26.24,8.08
2002/10/21,1.66,899.72,26.17,26.73,9.34
2002/10/22,1.66,890.16,25.75,26.65,9.19
2002/10/23,1.64,896.14,26.51,26.49,8.97
2002/10/24,1.62,882.5,25.53,25.6,8.66
2002/10/25,1.6,897.65,26.26,25.84,8.53
2002/10/28,1.55,890.23,25.89,25.85,8.58
2002/10/29,1.47,882.15,25.95,25.45,8.16
2002/10/30,1.47,890.71,26.47,24.76,8.33
2002/10/31,1.42,885.76,26.65,24.86,8.37
2002/11/1,1.4,900.96,26.42,25.6,8.34
2002/11/4,1.41,908.35,27.96,26.09,8.47
2002/11/5,1.39,915.39,28.25,26.09,8.81
2002/11/6,1.21,923.76,28.42,26.19,9.25
2002/11/7,1.2,902.65,27.92,25.71,8.71
2002/11/8,1.2,894.74,27.46,24.71,8.65
2002/11/11,1.2,876.19,26.84,23.84,8.41
2002/11/12,1.19,882.95,27.17,23.48,8.54
2002/11/13,1.19,882.53,27.59,23.72,8.43
2002/11/14,1.19,904.27,28.4,24.12,8.71
2002/11/15,1.2,909.83,28.25,23.49,8.56
2002/11/18,1.2,900.36,27.84,23.24,8.71
2002/11/19,1.19,896.74,27.34,23.53,8.46
2002/11/20,1.2,914.15,28.22,24.42,8.84
2002/11/21,1.2,933.76,28.83,26.44,10.21
2002/11/22,1.2,930.55,29.02,26.04,10.1
2002/11/25,1.2,932.87,29.02,26.39,10.77
2002/11/26,1.2,913.31,28.36,25.94,10.71
2002/11/27,1.21,938.87,28.95,26.73,10.91
2002/11/29,1.2,936.31,28.75,26.7,11.26
2002/12/2,1.21,934.53,28.75,26.78,11.33
2002/12/3,1.2,920.75,28.26,26.34,9.86
2002/12/5,1.19,906.55,28.18,25.4,9.92
2002/12/6,1.18,912.23,27.58,25.65,9.78
2002/12/9,1.2,892,27.65,25.11,9.35
2002/12/10,1.19,904.45,26.68,25.53,9.52
2002/12/11,1.18,904.96,26.92,25.74,9.58
2002/12/12,1.18,901.58,27.24,25.5,9.75
2002/12/13,1.19,889.48,27,25.11,9.6
2002/12/16,1.2,910.4,26.17,26.02,9.84
2002/12/17,1.19,902.99,27.15,25.6,9.78
2002/12/18,1.18,891.12,27.09,25.27,9.61
2002/12/19,1.18,884.25,26.68,25.01,9.68
2002/12/20,1.18,895.76,26.47,25.55,9.68
2002/12/23,1.16,897.38,26.43,25.33,9.53
2002/12/24,1.16,892.47,26.91,24.94,9.5
2002/12/26,1.15,889.66,26.82,24.91,9.69
2002/12/27,1.13,875.4,26.61,24.5,9.48
2002/12/30,1.16,879.39,26.4,24.31,9.5
2002/12/31,1.18,879.82,26.29,24.16,9.2
2003/1/2,1.19,909.03,25.77,25.28,9.84
2003/1/3,1.19,908.59,26.77,25.2,9.58
2003/1/6,1.18,929.01,26.81,25.84,9.96
2003/1/7,1.17,922.93,27.3,25.69,10.02
2003/1/8,1.17,909.93,27.81,25.3,9.91
2003/1/9,1.18,927.57,27.03,25.69,10.12
2003/1/10,1.17,927.57,27.82,25.45,10.39
2003/1/13,1.17,926.26,27.87,25.44,10.47
2003/1/14,1.17,931.66,28.1,25.51,10.42
2003/1/15,1.17,918.22,28.39,24.99,10.19
2003/1/16,1.16,914.6,28.04,24.83,10.32
2003/1/17,1.15,901.78,27.59,24.68,10.05
2003/1/21,1.15,887.62,25.65,23.87,10.03
2003/1/22,1.14,878.36,25.58,23.36,9.64
2003/1/23,1.14,887.34,25.42,23.76,9.91
2003/1/24,1.13,861.4,26.06,22.88,9.65
2003/1/27,1.14,847.48,24.85,22.87,9.37
2003/1/28,1.15,858.54,24.51,22.97,9.47
2003/1/29,1.15,864.36,24.33,22.85,9.39
2003/1/30,1.15,844.61,24.88,22.37,9.01
2003/1/31,1.15,855.7,24.04,22.96,9.11
2003/2/3,1.15,860.32,23.65,23.46,9.2
2003/2/4,1.15,848.2,24.2,22.87,9.01
2003/2/5,1.15,843.59,23.58,22.82,9.09
2003/2/6,1.14,838.15,23.4,22.71,8.99
2003/2/7,1.14,829.69,23.63,22.52,8.8
2003/2/10,1.15,835.97,23.22,22.45,8.95
2003/2/11,1.15,829.2,23.61,22.32,8.85
2003/2/12,1.15,818.68,23.15,22.07,8.75
2003/2/13,1.15,817.37,23.15,21.99,8.44
2003/2/14,1.15,834.89,23.42,22.3,8.69
2003/2/18,1.15,851.17,24.07,22.73,8.93
2003/2/19,1.16,845.13,24.88,23.17,8.82
2003/2/20,1.16,837.1,24.53,23.17,8.65
2003/2/21,1.17,848.17,24.14,23.61,8.44
2003/2/24,1.17,832.58,24.63,23.23,8.29
2003/2/25,1.17,838.57,24.07,23.79,8.08
2003/2/26,1.18,827.55,24.19,23.37,8.11
2003/2/27,1.18,837.28,23.61,23.9,8.33
2003/2/28,1.17,841.15,23.58,24.05,8.32
2003/3/3,1.17,834.81,23.7,23.9,8.07
2003/3/4,1.16,821.99,23.54,23.4,7.74
2003/3/5,1.15,829.85,23.07,23.8,7.76
2003/3/6,1.15,822.1,23.44,23.95,7.45
2003/3/7,1.1,828.89,23.27,24.3,7.22
2003/3/10,1.06,807.48,23.56,23.6,6.99
2003/3/11,1.06,800.73,22.95,23.35,6.6
2003/3/12,1.07,804.19,22.8,23.8,7.08
2003/3/13,1.1,831.9,23.39,25.21,7.13
2003/3/14,1.1,833.27,24.67,25.65,6.76
2003/3/17,1.12,862.79,24.86,26.27,7.19
2003/3/18,1.12,866.45,25.93,26.4,7.55
2003/3/19,1.13,874.02,26.04,26.98,7.63
2003/3/20,1.14,875.67,26.32,26.85,7.5
2003/3/21,1.16,895.79,26.25,28,8.02
2003/3/24,1.15,864.23,26.57,26.73,7.56
2003/3/25,1.15,874.74,25.29,26.98,7.63
2003/3/26,1.15,869.95,25.49,26.6,7.65
2003/3/27,1.13,868.52,25.25,26.44,7.58
2003/3/28,1.11,863.5,25.04,26.03,7.41
2003/3/31,1.09,848.18,24.67,25.5,7.52
2003/4/1,1.1,858.48,24.21,26.13,7.48
2003/4/2,1.1,880.9,24.35,27.05,7.75
2003/4/3,1.09,876.45,25.72,27.55,7.88
